node_id,load_element_count,max_abs_error_kw,mean_abs_error_kw,observed_mean,expected_mean,observed_max,expected_max,profile_observed_correlation,exact_match_at_1e-5,load_elements
p10rlv10217,2,3.22581994712695,0.8969986992658305,3.0520049079368103,2.8333101239176237,4.406134605407715,4.226062519798277,-0.26162358105168176,False,"[{""profile"":""com_kw_38868-South-Central_pu.csv"",""kW"":2.1130312598991385,""dss_timeseries_multiplier"":1.0,""center_tap_split"":true,""parquet_split_multiplier_if_used"":0.5,""source_file"":""p10rhs0_1247/p10rhs0_1247--p10rdt7719/Loads.dss"",""source_line"":129},{""profile"":""com_kw_38868-South-Central_pu.csv"",""kW"":2.1130312598991385,""dss_timeseries_multiplier"":1.0,""center_tap_split"":true,""parquet_split_multiplier_if_used"":0.5,""source_file"":""p10rhs0_1247/p10rhs0_1247--p10rdt7719/Loads.dss"",""source_line"":131}]"
p10rlv11104,2,8.775375614250002,0.764283505620135,1.796746685708018,1.344607454601927,10.223422050476074,8.906081025740523,0.30532269099920045,False,"[{""profile"":""res_kw_16002-South-Central_pu.csv"",""kW"":4.4530405128702615,""dss_timeseries_multiplier"":1.0,""center_tap_split"":true,""parquet_split_multiplier_if_used"":0.5,""source_file"":""p10rhs0_1247/p10rhs0_1247--p10rdt7719/Loads.dss"",""source_line"":133},{""profile"":""res_kw_16002-South-Central_pu.csv"",""kW"":4.4530405128702615,""dss_timeseries_multiplier"":1.0,""center_tap_split"":true,""parquet_split_multiplier_if_used"":0.5,""source_file"":""p10rhs0_1247/p10rhs0_1247--p10rdt7719/Loads.dss"",""source_line"":135}]"
p10rlv11105,2,1.3652354765682715,0.062234665173247446,0.1187383479354733,0.06255317306536141,1.4287571907043457,0.26125178316771935,0.04012661983648572,False,"[{""profile"":""res_kw_30417-South-Central_pu.csv"",""kW"":0.13062589158385968,""dss_timeseries_multiplier"":1.0,""center_tap_split"":true,""parquet_split_multiplier_if_used"":0.5,""source_file"":""p10rhs0_1247/p10rhs0_1247--p10rdt7719/Loads.dss"",""source_line"":137},{""profile"":""res_kw_30417-South-Central_pu.csv"",""kW"":0.13062589158385968,""dss_timeseries_multiplier"":1.0,""center_tap_split"":true,""parquet_split_multiplier_if_used"":0.5,""source_file"":""p10rhs0_1247/p10rhs0_1247--p10rdt7719/Loads.dss"",""source_line"":139}]"
p10rlv11392,2,2.419844194853383,0.17443700260300002,0.42648256813158963,0.44623238387307484,2.6794400215148926,2.799478746096811,0.8416182309103226,False,"[{""profile"":""res_kw_11856-South-Central_pu.csv"",""kW"":1.3997393730484056,""dss_timeseries_multiplier"":1.0,""center_tap_split"":true,""parquet_split_multiplier_if_used"":0.5,""source_file"":""p10rhs0_1247/p10rhs0_1247--p10rdt7719/Loads.dss"",""source_line"":141},{""profile"":""res_kw_11856-South-Central_pu.csv"",""kW"":1.3997393730484056,""dss_timeseries_multiplier"":1.0,""center_tap_split"":true,""parquet_split_multiplier_if_used"":0.5,""source_file"":""p10rhs0_1247/p10rhs0_1247--p10rdt7719/Loads.dss"",""source_line"":143}]"
p10rlv12002,2,9.288844017488339,0.6823903250999657,1.045318593858788,0.7933400306314368,9.781754493713379,6.777100322378619,0.11126071163029935,False,"[{""profile"":""res_kw_4055-South-Central_pu.csv"",""kW"":3.3885501611893094,""dss_timeseries_multiplier"":1.0,""center_tap_split"":true,""parquet_split_multiplier_if_used"":0.5,""source_file"":""p10rhs0_1247/p10rhs0_1247--p10rdt7719/Loads.dss"",""source_line"":145},{""profile"":""res_kw_4055-South-Central_pu.csv"",""kW"":3.3885501611893094,""dss_timeseries_multiplier"":1.0,""center_tap_split"":true,""parquet_split_multiplier_if_used"":0.5,""source_file"":""p10rhs0_1247/p10rhs0_1247--p10rdt7719/Loads.dss"",""source_line"":147}]"
p10rlv12029,2,6.5945340075190435,0.8990545111884822,2.194138129262177,1.7620791698208471,7.729160308837891,7.517944568851168,0.3392394766212283,False,"[{""profile"":""res_kw_26086-South-Central_pu.csv"",""kW"":3.758972284425584,""dss_timeseries_multiplier"":1.0,""center_tap_split"":true,""parquet_split_multiplier_if_used"":0.5,""source_file"":""p10rhs0_1247/p10rhs0_1247--p10rdt7719/Loads.dss"",""source_line"":149},{""profile"":""res_kw_26086-South-Central_pu.csv"",""kW"":3.758972284425584,""dss_timeseries_multiplier"":1.0,""center_tap_split"":true,""parquet_split_multiplier_if_used"":0.5,""source_file"":""p10rhs0_1247/p10rhs0_1247--p10rdt7719/Loads.dss"",""source_line"":151}]"
p10rlv12030,2,13.772258490436476,1.6748251700370993,1.7512195569986146,2.5941740753709146,13.50843620300293,15.995020121448439,0.2476966765958719,False,"[{""profile"":""res_kw_10645-South-Central_pu.csv"",""kW"":7.9975100607242195,""dss_timeseries_multiplier"":1.0,""center_tap_split"":true,""parquet_split_multiplier_if_used"":0.5,""source_file"":""p10rhs0_1247/p10rhs0_1247--p10rdt7719/Loads.dss"",""source_line"":153},{""profile"":""res_kw_10645-South-Central_pu.csv"",""kW"":7.9975100607242195,""dss_timeseries_multiplier"":1.0,""center_tap_split"":true,""parquet_split_multiplier_if_used"":0.5,""source_file"":""p10rhs0_1247/p10rhs0_1247--p10rdt7719/Loads.dss"",""source_line"":155}]"
p10rlv12345,2,3.6677307770833165,0.4597475121249528,0.8538995684349918,0.9525123706715063,4.833494186401367,5.412449239842817,0.5821854253787627,False,"[{""profile"":""res_kw_6795-South-Central_pu.csv"",""kW"":2.7062246199214086,""dss_timeseries_multiplier"":1.0,""center_tap_split"":true,""parquet_split_multiplier_if_used"":0.5,""source_file"":""p10rhs0_1247/p10rhs0_1247--p10rdt7719/Loads.dss"",""source_line"":157},{""profile"":""res_kw_6795-South-Central_pu.csv"",""kW"":2.7062246199214086,""dss_timeseries_multiplier"":1.0,""center_tap_split"":true,""parquet_split_multiplier_if_used"":0.5,""source_file"":""p10rhs0_1247/p10rhs0_1247--p10rdt7719/Loads.dss"",""source_line"":159}]"
p10rlv13496,2,8.886092370682386,0.8449707589680283,1.0918252835713633,1.0973767214772985,3.9933273792266846,9.538234108656486,0.06713113827086208,False,"[{""profile"":""res_kw_22490-South-Central_pu.csv"",""kW"":4.769117054328243,""dss_timeseries_multiplier"":1.0,""center_tap_split"":true,""parquet_split_multiplier_if_used"":0.5,""source_file"":""p10rhs0_1247/p10rhs0_1247--p10rdt7719/Loads.dss"",""source_line"":161},{""profile"":""res_kw_22490-South-Central_pu.csv"",""kW"":4.769117054328243,""dss_timeseries_multiplier"":1.0,""center_tap_split"":true,""parquet_split_multiplier_if_used"":0.5,""source_file"":""p10rhs0_1247/p10rhs0_1247--p10rdt7719/Loads.dss"",""source_line"":163}]"
p10rlv13829,2,2.5944545772520677,0.364612707750765,0.42648256813158963,0.06255317306536141,2.6794400215148926,0.26125178316771935,0.38332582251399605,False,"[{""profile"":""res_kw_30417-South-Central_pu.csv"",""kW"":0.13062589158385968,""dss_timeseries_multiplier"":1.0,""center_tap_split"":true,""parquet_split_multiplier_if_used"":0.5,""source_file"":""p10rhs0_1247/p10rhs0_1247--p10rdt7719/Loads.dss"",""source_line"":165},{""profile"":""res_kw_30417-South-Central_pu.csv"",""kW"":0.13062589158385968,""dss_timeseries_multiplier"":1.0,""center_tap_split"":true,""parquet_split_multiplier_if_used"":0.5,""source_file"":""p10rhs0_1247/p10rhs0_1247--p10rdt7719/Loads.dss"",""source_line"":167}]"
p10rlv15288,2,7.530966081793668,0.6939030026801034,1.1528921067527576,0.695245650397205,4.614020824432373,8.668320574934842,0.28566893654484043,False,"[{""profile"":""res_kw_7138-South-Central_pu.csv"",""kW"":4.334160287467421,""dss_timeseries_multiplier"":1.0,""center_tap_split"":true,""parquet_split_multiplier_if_used"":0.5,""source_file"":""p10rhs0_1247/p10rhs0_1247--p10rdt7719/Loads.dss"",""source_line"":169},{""profile"":""res_kw_7138-South-Central_pu.csv"",""kW"":4.334160287467421,""dss_timeseries_multiplier"":1.0,""center_tap_split"":true,""parquet_split_multiplier_if_used"":0.5,""source_file"":""p10rhs0_1247/p10rhs0_1247--p10rdt7719/Loads.dss"",""source_line"":171}]"
p10rlv1542,2,21.203895831791332,0.9459049812887278,1.4566405350274352,1.412580987453496,23.200305938720703,12.55731017662956,0.17482806756465177,False,"[{""profile"":""res_kw_4557-South-Central_pu.csv"",""kW"":6.27865508831478,""dss_timeseries_multiplier"":1.0,""center_tap_split"":true,""parquet_split_multiplier_if_used"":0.5,""source_file"":""p10rhs0_1247/p10rhs0_1247--p10rdt7719/Loads.dss"",""source_line"":17},{""profile"":""res_kw_4557-South-Central_pu.csv"",""kW"":6.27865508831478,""dss_timeseries_multiplier"":1.0,""center_tap_split"":true,""parquet_split_multiplier_if_used"":0.5,""source_file"":""p10rhs0_1247/p10rhs0_1247--p10rdt7719/Loads.dss"",""source_line"":19}]"
p10rlv15908,2,8.775375614250002,0.764283505620135,1.796746685708018,1.344607454601927,10.223422050476074,8.906081025740523,0.30532269099920045,False,"[{""profile"":""res_kw_16002-South-Central_pu.csv"",""kW"":4.4530405128702615,""dss_timeseries_multiplier"":1.0,""center_tap_split"":true,""parquet_split_multiplier_if_used"":0.5,""source_file"":""p10rhs0_1247/p10rhs0_1247--p10rdt7719/Loads.dss"",""source_line"":173},{""profile"":""res_kw_16002-South-Central_pu.csv"",""kW"":4.4530405128702615,""dss_timeseries_multiplier"":1.0,""center_tap_split"":true,""parquet_split_multiplier_if_used"":0.5,""source_file"":""p10rhs0_1247/p10rhs0_1247--p10rdt7719/Loads.dss"",""source_line"":175}]"
p10rlv16523,2,7.5257266844623665,0.9324637960539943,1.6711426012354083,1.7435806482591234,7.494873046875,10.423679169763984,0.2624647468459288,False,"[{""profile"":""res_kw_38844-South-Central_pu.csv"",""kW"":5.211839584881992,""dss_timeseries_multiplier"":1.0,""center_tap_split"":true,""parquet_split_multiplier_if_used"":0.5,""source_file"":""p10rhs0_1247/p10rhs0_1247--p10rdt7719/Loads.dss"",""source_line"":177},{""profile"":""res_kw_38844-South-Central_pu.csv"",""kW"":5.211839584881992,""dss_timeseries_multiplier"":1.0,""center_tap_split"":true,""parquet_split_multiplier_if_used"":0.5,""source_file"":""p10rhs0_1247/p10rhs0_1247--p10rdt7719/Loads.dss"",""source_line"":179}]"
p10rlv17088,2,14.975900500020352,1.871326958854092,3.067905038273702,2.2176266940274756,17.479734420776367,17.814587232063612,0.18189878412132457,False,"[{""profile"":""res_kw_41516-South-Central_pu.csv"",""kW"":8.907293616031806,""dss_timeseries_multiplier"":1.0,""center_tap_split"":true,""parquet_split_multiplier_if_used"":0.5,""source_file"":""p10rhs0_1247/p10rhs0_1247--p10rdt7719/Loads.dss"",""source_line"":181},{""profile"":""res_kw_41516-South-Central_pu.csv"",""kW"":8.907293616031806,""dss_timeseries_multiplier"":1.0,""center_tap_split"":true,""parquet_split_multiplier_if_used"":0.5,""source_file"":""p10rhs0_1247/p10rhs0_1247--p10rdt7719/Loads.dss"",""source_line"":183}]"
p10rlv17370,2,2.419844194853383,0.17443700260300002,0.42648256813158963,0.44623238387307484,2.6794400215148926,2.799478746096811,0.8416182309103226,False,"[{""profile"":""res_kw_11856-South-Central_pu.csv"",""kW"":1.3997393730484056,""dss_timeseries_multiplier"":1.0,""center_tap_split"":true,""parquet_split_multiplier_if_used"":0.5,""source_file"":""p10rhs0_1247/p10rhs0_1247--p10rdt7719/Loads.dss"",""source_line"":185},{""profile"":""res_kw_11856-South-Central_pu.csv"",""kW"":1.3997393730484056,""dss_timeseries_multiplier"":1.0,""center_tap_split"":true,""parquet_split_multiplier_if_used"":0.5,""source_file"":""p10rhs0_1247/p10rhs0_1247--p10rdt7719/Loads.dss"",""source_line"":187}]"
p10rlv17685,2,7.5842545947439355,0.9533701780890563,2.1598297739069756,2.2612339538410873,7.062711715698242,9.517597409189431,0.3264097789030407,False,"[{""profile"":""res_kw_5492-South-Central_pu.csv"",""kW"":4.7587987045947155,""dss_timeseries_multiplier"":1.0,""center_tap_split"":true,""parquet_split_multiplier_if_used"":0.5,""source_file"":""p10rhs0_1247/p10rhs0_1247--p10rdt7719/Loads.dss"",""source_line"":189},{""profile"":""res_kw_5492-South-Central_pu.csv"",""kW"":4.7587987045947155,""dss_timeseries_multiplier"":1.0,""center_tap_split"":true,""parquet_split_multiplier_if_used"":0.5,""source_file"":""p10rhs0_1247/p10rhs0_1247--p10rdt7719/Loads.dss"",""source_line"":191}]"
p10rlv18002,2,2.5878316979707545,0.3747896414733985,0.42648256813158963,0.11983353059602728,2.6794400215148926,1.4288054571613027,0.016191856938085423,False,"[{""profile"":""res_kw_1176-South-Central_pu.csv"",""kW"":0.7144027285806513,""dss_timeseries_multiplier"":1.0,""center_tap_split"":true,""parquet_split_multiplier_if_used"":0.5,""source_file"":""p10rhs0_1247/p10rhs0_1247--p10rdt7719/Loads.dss"",""source_line"":193},{""profile"":""res_kw_1176-South-Central_pu.csv"",""kW"":0.7144027285806513,""dss_timeseries_multiplier"":1.0,""center_tap_split"":true,""parquet_split_multiplier_if_used"":0.5,""source_file"":""p10rhs0_1247/p10rhs0_1247--p10rdt7719/Loads.dss"",""source_line"":195}]"
p10rlv1819,2,6.96842633695422,0.4992197753802831,0.8350487097655529,0.6373741367483965,7.568073749542236,3.3670202055507072,0.13869719679400774,False,"[{""profile"":""res_kw_41217-South-Central_pu.csv"",""kW"":1.6835101027753536,""dss_timeseries_multiplier"":1.0,""center_tap_split"":true,""parquet_split_multiplier_if_used"":0.5,""source_file"":""p10rhs0_1247/p10rhs0_1247--p10rdt7719/Loads.dss"",""source_line"":21},{""profile"":""res_kw_41217-South-Central_pu.csv"",""kW"":1.6835101027753536,""dss_timeseries_multiplier"":1.0,""center_tap_split"":true,""parquet_split_multiplier_if_used"":0.5,""source_file"":""p10rhs0_1247/p10rhs0_1247--p10rdt7719/Loads.dss"",""source_line"":23}]"
p10rlv18296,2,11.30446150780877,1.2193229134345431,1.8977919988053507,1.3247092325800862,11.854080200195312,9.485094136975155,0.0625323814561373,False,"[{""profile"":""res_kw_16296-South-Central_pu.csv"",""kW"":4.7425470684875775,""dss_timeseries_multiplier"":1.0,""center_tap_split"":true,""parquet_split_multiplier_if_used"":0.5,""source_file"":""p10rhs0_1247/p10rhs0_1247--p10rdt7719/Loads.dss"",""source_line"":197},{""profile"":""res_kw_16296-South-Central_pu.csv"",""kW"":4.7425470684875775,""dss_timeseries_multiplier"":1.0,""center_tap_split"":true,""parquet_split_multiplier_if_used"":0.5,""source_file"":""p10rhs0_1247/p10rhs0_1247--p10rdt7719/Loads.dss"",""source_line"":199}]"
p10rlv18297,2,5.819842776798072,0.5775546063805758,1.980010461101317,2.0621542493260345,7.612368106842041,7.371917235393329,0.8152561925827548,False,"[{""profile"":""res_kw_12784-South-Central_pu.csv"",""kW"":3.6859586176966643,""dss_timeseries_multiplier"":1.0,""center_tap_split"":true,""parquet_split_multiplier_if_used"":0.5,""source_file"":""p10rhs0_1247/p10rhs0_1247--p10rdt7719/Loads.dss"",""source_line"":201},{""profile"":""res_kw_12784-South-Central_pu.csv"",""kW"":3.6859586176966643,""dss_timeseries_multiplier"":1.0,""center_tap_split"":true,""parquet_split_multiplier_if_used"":0.5,""source_file"":""p10rhs0_1247/p10rhs0_1247--p10rdt7719/Loads.dss"",""source_line"":203}]"
p10rlv18611,2,10.280911854466455,0.8115528673960647,1.5510533902615513,1.601043394094059,12.007994651794434,11.337864776949207,0.2728262282229207,False,"[{""profile"":""res_kw_12756-South-Central_pu.csv"",""kW"":5.6689323884746035,""dss_timeseries_multiplier"":1.0,""center_tap_split"":true,""parquet_split_multiplier_if_used"":0.5,""source_file"":""p10rhs0_1247/p10rhs0_1247--p10rdt7719/Loads.dss"",""source_line"":205},{""profile"":""res_kw_12756-South-Central_pu.csv"",""kW"":5.6689323884746035,""dss_timeseries_multiplier"":1.0,""center_tap_split"":true,""parquet_split_multiplier_if_used"":0.5,""source_file"":""p10rhs0_1247/p10rhs0_1247--p10rdt7719/Loads.dss"",""source_line"":207}]"
p10rlv18908,2,7.849818579478404,0.6046429537294865,0.8794508366347992,0.6756439233774939,9.108046531677246,7.163049743157274,0.16856580729966056,False,"[{""profile"":""res_kw_7860-South-Central_pu.csv"",""kW"":3.581524871578637,""dss_timeseries_multiplier"":1.0,""center_tap_split"":true,""parquet_split_multiplier_if_used"":0.5,""source_file"":""p10rhs0_1247/p10rhs0_1247--p10rdt7719/Loads.dss"",""source_line"":209},{""profile"":""res_kw_7860-South-Central_pu.csv"",""kW"":3.581524871578637,""dss_timeseries_multiplier"":1.0,""center_tap_split"":true,""parquet_split_multiplier_if_used"":0.5,""source_file"":""p10rhs0_1247/p10rhs0_1247--p10rdt7719/Loads.dss"",""source_line"":211}]"
p10rlv19213,2,21.914859605922985,0.6177222532503391,1.1528921067527576,1.0924961419402381,4.614020824432373,23.127224160328197,0.27716383750756834,False,"[{""profile"":""res_kw_38206-South-Central_pu.csv"",""kW"":11.563612080164098,""dss_timeseries_multiplier"":1.0,""center_tap_split"":true,""parquet_split_multiplier_if_used"":0.5,""source_file"":""p10rhs0_1247/p10rhs0_1247--p10rdt7719/Loads.dss"",""source_line"":213},{""profile"":""res_kw_38206-South-Central_pu.csv"",""kW"":11.563612080164098,""dss_timeseries_multiplier"":1.0,""center_tap_split"":true,""parquet_split_multiplier_if_used"":0.5,""source_file"":""p10rhs0_1247/p10rhs0_1247--p10rdt7719/Loads.dss"",""source_line"":215}]"
p10rlv19495,2,14.257673716029016,1.423194790833528,2.230652250072251,2.2898754150467497,15.577404022216797,13.618570941135902,0.2646131625858255,False,"[{""profile"":""res_kw_39365-South-Central_pu.csv"",""kW"":6.809285470567951,""dss_timeseries_multiplier"":1.0,""center_tap_split"":true,""parquet_split_multiplier_if_used"":0.5,""source_file"":""p10rhs0_1247/p10rhs0_1247--p10rdt7719/Loads.dss"",""source_line"":217},{""profile"":""res_kw_39365-South-Central_pu.csv"",""kW"":6.809285470567951,""dss_timeseries_multiplier"":1.0,""center_tap_split"":true,""parquet_split_multiplier_if_used"":0.5,""source_file"":""p10rhs0_1247/p10rhs0_1247--p10rdt7719/Loads.dss"",""source_line"":219}]"
p10rlv19496,2,6.5945340075190435,0.8990545111884822,2.194138129262177,1.7620791698208471,7.729160308837891,7.517944568851168,0.3392394766212283,False,"[{""profile"":""res_kw_26086-South-Central_pu.csv"",""kW"":3.758972284425584,""dss_timeseries_multiplier"":1.0,""center_tap_split"":true,""parquet_split_multiplier_if_used"":0.5,""source_file"":""p10rhs0_1247/p10rhs0_1247--p10rdt7719/Loads.dss"",""source_line"":221},{""profile"":""res_kw_26086-South-Central_pu.csv"",""kW"":3.758972284425584,""dss_timeseries_multiplier"":1.0,""center_tap_split"":true,""parquet_split_multiplier_if_used"":0.5,""source_file"":""p10rhs0_1247/p10rhs0_1247--p10rdt7719/Loads.dss"",""source_line"":223}]"
p10rlv19818,2,6.983712707483775,0.9400893622248587,1.9630846857259125,1.2512451664325708,7.463986873626709,5.63630784952204,0.34276072156454346,False,"[{""profile"":""res_kw_15647-South-Central_pu.csv"",""kW"":2.81815392476102,""dss_timeseries_multiplier"":1.0,""center_tap_split"":true,""parquet_split_multiplier_if_used"":0.5,""source_file"":""p10rhs0_1247/p10rhs0_1247--p10rdt7719/Loads.dss"",""source_line"":225},{""profile"":""res_kw_15647-South-Central_pu.csv"",""kW"":2.81815392476102,""dss_timeseries_multiplier"":1.0,""center_tap_split"":true,""parquet_split_multiplier_if_used"":0.5,""source_file"":""p10rhs0_1247/p10rhs0_1247--p10rdt7719/Loads.dss"",""source_line"":227}]"
p10rlv20089,2,5.819842776798072,0.5775546063805758,1.980010461101317,2.0621542493260345,7.612368106842041,7.371917235393329,0.8152561925827548,False,"[{""profile"":""res_kw_12784-South-Central_pu.csv"",""kW"":3.6859586176966643,""dss_timeseries_multiplier"":1.0,""center_tap_split"":true,""parquet_split_multiplier_if_used"":0.5,""source_file"":""p10rhs0_1247/p10rhs0_1247--p10rdt7719/Loads.dss"",""source_line"":229},{""profile"":""res_kw_12784-South-Central_pu.csv"",""kW"":3.6859586176966643,""dss_timeseries_multiplier"":1.0,""center_tap_split"":true,""parquet_split_multiplier_if_used"":0.5,""source_file"":""p10rhs0_1247/p10rhs0_1247--p10rdt7719/Loads.dss"",""source_line"":231}]"
p10rlv20103,2,11.937787398521857,1.491417012034661,1.9442524501143796,3.148686764797362,6.317355632781982,14.702862694881462,0.385031474090437,False,"[{""profile"":""res_kw_5149-South-Central_pu.csv"",""kW"":7.351431347440731,""dss_timeseries_multiplier"":1.0,""center_tap_split"":true,""parquet_split_multiplier_if_used"":0.5,""source_file"":""p10rhs0_1247/p10rhs0_1247--p10rdt7719/Loads.dss"",""source_line"":233},{""profile"":""res_kw_5149-South-Central_pu.csv"",""kW"":7.351431347440731,""dss_timeseries_multiplier"":1.0,""center_tap_split"":true,""parquet_split_multiplier_if_used"":0.5,""source_file"":""p10rhs0_1247/p10rhs0_1247--p10rdt7719/Loads.dss"",""source_line"":235}]"
p10rlv20105,2,2.419844194853383,0.17443700260300002,0.42648256813158963,0.44623238387307484,2.6794400215148926,2.799478746096811,0.8416182309103226,False,"[{""profile"":""res_kw_11856-South-Central_pu.csv"",""kW"":1.3997393730484056,""dss_timeseries_multiplier"":1.0,""center_tap_split"":true,""parquet_split_multiplier_if_used"":0.5,""source_file"":""p10rhs0_1247/p10rhs0_1247--p10rdt7719/Loads.dss"",""source_line"":237},{""profile"":""res_kw_11856-South-Central_pu.csv"",""kW"":1.3997393730484056,""dss_timeseries_multiplier"":1.0,""center_tap_split"":true,""parquet_split_multiplier_if_used"":0.5,""source_file"":""p10rhs0_1247/p10rhs0_1247--p10rdt7719/Loads.dss"",""source_line"":239}]"
p10rlv20976,2,7.832190901423731,0.8462594679370783,1.404922642246246,1.4820741304152445,7.216465950012207,9.981483988144612,0.4383839698683854,False,"[{""profile"":""res_kw_29728-South-Central_pu.csv"",""kW"":4.990741994072306,""dss_timeseries_multiplier"":1.0,""center_tap_split"":true,""parquet_split_multiplier_if_used"":0.5,""source_file"":""p10rhs0_1247/p10rhs0_1247--p10rdt7719/Loads.dss"",""source_line"":241},{""profile"":""res_kw_29728-South-Central_pu.csv"",""kW"":4.990741994072306,""dss_timeseries_multiplier"":1.0,""center_tap_split"":true,""parquet_split_multiplier_if_used"":0.5,""source_file"":""p10rhs0_1247/p10rhs0_1247--p10rdt7719/Loads.dss"",""source_line"":243}]"
p10rlv21568,2,13.011207111858905,1.2865443488146655,2.1598297739069756,1.9225170899087813,7.062711715698242,15.039702185177386,0.2664584414113428,False,"[{""profile"":""res_kw_1591-South-Central_pu.csv"",""kW"":7.519851092588693,""dss_timeseries_multiplier"":1.0,""center_tap_split"":true,""parquet_split_multiplier_if_used"":0.5,""source_file"":""p10rhs0_1247/p10rhs0_1247--p10rdt7719/Loads.dss"",""source_line"":245},{""profile"":""res_kw_1591-South-Central_pu.csv"",""kW"":7.519851092588693,""dss_timeseries_multiplier"":1.0,""center_tap_split"":true,""parquet_split_multiplier_if_used"":0.5,""source_file"":""p10rhs0_1247/p10rhs0_1247--p10rdt7719/Loads.dss"",""source_line"":247}]"
p10rlv21569,2,5.680414020044356,0.8384345145920907,0.6347446808429885,1.0442757639066729,4.793748378753662,6.950576033573618,0.1471999397093458,False,"[{""profile"":""res_kw_36432-South-Central_pu.csv"",""kW"":3.475288016786809,""dss_timeseries_multiplier"":1.0,""center_tap_split"":true,""parquet_split_multiplier_if_used"":0.5,""source_file"":""p10rhs0_1247/p10rhs0_1247--p10rdt7719/Loads.dss"",""source_line"":249},{""profile"":""res_kw_36432-South-Central_pu.csv"",""kW"":3.475288016786809,""dss_timeseries_multiplier"":1.0,""center_tap_split"":true,""parquet_split_multiplier_if_used"":0.5,""source_file"":""p10rhs0_1247/p10rhs0_1247--p10rdt7719/Loads.dss"",""source_line"":251}]"
p10rlv2169,2,8.587304146549974,0.8587947650134747,1.4516377410685568,1.6188239511415004,9.414685249328613,10.168773140755764,0.1979862075870516,False,"[{""profile"":""res_kw_11396-South-Central_pu.csv"",""kW"":5.084386570377882,""dss_timeseries_multiplier"":1.0,""center_tap_split"":true,""parquet_split_multiplier_if_used"":0.5,""source_file"":""p10rhs0_1247/p10rhs0_1247--p10rdt7719/Loads.dss"",""source_line"":25},{""profile"":""res_kw_11396-South-Central_pu.csv"",""kW"":5.084386570377882,""dss_timeseries_multiplier"":1.0,""center_tap_split"":true,""parquet_split_multiplier_if_used"":0.5,""source_file"":""p10rhs0_1247/p10rhs0_1247--p10rdt7719/Loads.dss"",""source_line"":27}]"
p10rlv21869,2,2.419844194853383,0.17443700260300002,0.42648256813158963,0.44623238387307484,2.6794400215148926,2.799478746096811,0.8416182309103226,False,"[{""profile"":""res_kw_11856-South-Central_pu.csv"",""kW"":1.3997393730484056,""dss_timeseries_multiplier"":1.0,""center_tap_split"":true,""parquet_split_multiplier_if_used"":0.5,""source_file"":""p10rhs0_1247/p10rhs0_1247--p10rdt7719/Loads.dss"",""source_line"":253},{""profile"":""res_kw_11856-South-Central_pu.csv"",""kW"":1.3997393730484056,""dss_timeseries_multiplier"":1.0,""center_tap_split"":true,""parquet_split_multiplier_if_used"":0.5,""source_file"":""p10rhs0_1247/p10rhs0_1247--p10rdt7719/Loads.dss"",""source_line"":255}]"
p10rlv22134,2,2.5944545772520677,0.364612707750765,0.42648256813158963,0.06255317306536141,2.6794400215148926,0.26125178316771935,0.38332582251399605,False,"[{""profile"":""res_kw_30417-South-Central_pu.csv"",""kW"":0.13062589158385968,""dss_timeseries_multiplier"":1.0,""center_tap_split"":true,""parquet_split_multiplier_if_used"":0.5,""source_file"":""p10rhs0_1247/p10rhs0_1247--p10rdt7719/Loads.dss"",""source_line"":257},{""profile"":""res_kw_30417-South-Central_pu.csv"",""kW"":0.13062589158385968,""dss_timeseries_multiplier"":1.0,""center_tap_split"":true,""parquet_split_multiplier_if_used"":0.5,""source_file"":""p10rhs0_1247/p10rhs0_1247--p10rdt7719/Loads.dss"",""source_line"":259}]"
p10rlv22442,2,6.5945340075190435,0.8990545111884822,2.194138129262177,1.7620791698208471,7.729160308837891,7.517944568851168,0.3392394766212283,False,"[{""profile"":""res_kw_26086-South-Central_pu.csv"",""kW"":3.758972284425584,""dss_timeseries_multiplier"":1.0,""center_tap_split"":true,""parquet_split_multiplier_if_used"":0.5,""source_file"":""p10rhs0_1247/p10rhs0_1247--p10rdt7719/Loads.dss"",""source_line"":261},{""profile"":""res_kw_26086-South-Central_pu.csv"",""kW"":3.758972284425584,""dss_timeseries_multiplier"":1.0,""center_tap_split"":true,""parquet_split_multiplier_if_used"":0.5,""source_file"":""p10rhs0_1247/p10rhs0_1247--p10rdt7719/Loads.dss"",""source_line"":263}]"
p10rlv23067,2,4.702696722122652,0.6381540092965423,0.6347446808429885,0.44623238387307484,4.793748378753662,2.799478746096811,-0.022044710475098945,False,"[{""profile"":""res_kw_11856-South-Central_pu.csv"",""kW"":1.3997393730484056,""dss_timeseries_multiplier"":1.0,""center_tap_split"":true,""parquet_split_multiplier_if_used"":0.5,""source_file"":""p10rhs0_1247/p10rhs0_1247--p10rdt7719/Loads.dss"",""source_line"":265},{""profile"":""res_kw_11856-South-Central_pu.csv"",""kW"":1.3997393730484056,""dss_timeseries_multiplier"":1.0,""center_tap_split"":true,""parquet_split_multiplier_if_used"":0.5,""source_file"":""p10rhs0_1247/p10rhs0_1247--p10rdt7719/Loads.dss"",""source_line"":267}]"
p10rlv23375,2,13.578103378803691,0.9107681755465047,1.1528921067527576,1.6848133687893425,4.614020824432373,15.359479643479043,0.25552343600897676,False,"[{""profile"":""res_kw_11241-South-Central_pu.csv"",""kW"":7.679739821739521,""dss_timeseries_multiplier"":1.0,""center_tap_split"":true,""parquet_split_multiplier_if_used"":0.5,""source_file"":""p10rhs0_1247/p10rhs0_1247--p10rdt7719/Loads.dss"",""source_line"":269},{""profile"":""res_kw_11241-South-Central_pu.csv"",""kW"":7.679739821739521,""dss_timeseries_multiplier"":1.0,""center_tap_split"":true,""parquet_split_multiplier_if_used"":0.5,""source_file"":""p10rhs0_1247/p10rhs0_1247--p10rdt7719/Loads.dss"",""source_line"":271}]"
p10rlv24009,2,13.94225418356457,1.3059440745840496,2.230652250072251,1.7259188972425172,15.577404022216797,12.142207308657268,0.1173978565211807,False,"[{""profile"":""res_kw_16966-South-Central_pu.csv"",""kW"":6.071103654328634,""dss_timeseries_multiplier"":1.0,""center_tap_split"":true,""parquet_split_multiplier_if_used"":0.5,""source_file"":""p10rhs0_1247/p10rhs0_1247--p10rdt7719/Loads.dss"",""source_line"":273},{""profile"":""res_kw_16966-South-Central_pu.csv"",""kW"":6.071103654328634,""dss_timeseries_multiplier"":1.0,""center_tap_split"":true,""parquet_split_multiplier_if_used"":0.5,""source_file"":""p10rhs0_1247/p10rhs0_1247--p10rdt7719/Loads.dss"",""source_line"":275}]"
p10rlv24610,2,8.63400076429207,0.7859775752314272,1.533503306816974,0.9839087406056044,9.144913673400879,4.332405111818672,0.2815151970590624,False,"[{""profile"":""res_kw_43370-South-Central_pu.csv"",""kW"":2.166202555909336,""dss_timeseries_multiplier"":1.0,""center_tap_split"":true,""parquet_split_multiplier_if_used"":0.5,""source_file"":""p10rhs0_1247/p10rhs0_1247--p10rdt7719/Loads.dss"",""source_line"":277},{""profile"":""res_kw_43370-South-Central_pu.csv"",""kW"":2.166202555909336,""dss_timeseries_multiplier"":1.0,""center_tap_split"":true,""parquet_split_multiplier_if_used"":0.5,""source_file"":""p10rhs0_1247/p10rhs0_1247--p10rdt7719/Loads.dss"",""source_line"":279}]"
p10rlv24611,2,9.273904639072175,1.099863202566886,1.980010461101317,2.0265286911805234,7.612368106842041,10.24688984710669,0.48134951449262847,False,"[{""profile"":""res_kw_22201-South-Central_pu.csv"",""kW"":5.123444923553345,""dss_timeseries_multiplier"":1.0,""center_tap_split"":true,""parquet_split_multiplier_if_used"":0.5,""source_file"":""p10rhs0_1247/p10rhs0_1247--p10rdt7719/Loads.dss"",""source_line"":281},{""profile"":""res_kw_22201-South-Central_pu.csv"",""kW"":5.123444923553345,""dss_timeseries_multiplier"":1.0,""center_tap_split"":true,""parquet_split_multiplier_if_used"":0.5,""source_file"":""p10rhs0_1247/p10rhs0_1247--p10rdt7719/Loads.dss"",""source_line"":283}]"
p10rlv24936,2,12.623884742509373,0.9907509702667218,1.4829052828473452,1.6687752959124615,13.426718711853027,10.571624113688078,0.2017927104058462,False,"[{""profile"":""res_kw_37494-South-Central_pu.csv"",""kW"":5.285812056844039,""dss_timeseries_multiplier"":1.0,""center_tap_split"":true,""parquet_split_multiplier_if_used"":0.5,""source_file"":""p10rhs0_1247/p10rhs0_1247--p10rdt7719/Loads.dss"",""source_line"":285},{""profile"":""res_kw_37494-South-Central_pu.csv"",""kW"":5.285812056844039,""dss_timeseries_multiplier"":1.0,""center_tap_split"":true,""parquet_split_multiplier_if_used"":0.5,""source_file"":""p10rhs0_1247/p10rhs0_1247--p10rdt7719/Loads.dss"",""source_line"":287}]"
p10rlv25536,2,11.331029759868393,1.1539014369075238,1.8977919988053507,0.9492580382409747,11.854080200195312,6.977685188072857,0.30697375779129493,False,"[{""profile"":""res_kw_8080-South-Central_pu.csv"",""kW"":3.4888425940364285,""dss_timeseries_multiplier"":1.0,""center_tap_split"":true,""parquet_split_multiplier_if_used"":0.5,""source_file"":""p10rhs0_1247/p10rhs0_1247--p10rdt7719/Loads.dss"",""source_line"":289},{""profile"":""res_kw_8080-South-Central_pu.csv"",""kW"":3.4888425940364285,""dss_timeseries_multiplier"":1.0,""center_tap_split"":true,""parquet_split_multiplier_if_used"":0.5,""source_file"":""p10rhs0_1247/p10rhs0_1247--p10rdt7719/Loads.dss"",""source_line"":291}]"
p10rlv26432,2,12.796194785992622,0.7926605427755298,1.5510533902615513,1.2585896882870102,12.007994651794434,13.80465951323548,0.2203242551904418,False,"[{""profile"":""res_kw_42503-South-Central_pu.csv"",""kW"":6.90232975661774,""dss_timeseries_multiplier"":1.0,""center_tap_split"":true,""parquet_split_multiplier_if_used"":0.5,""source_file"":""p10rhs0_1247/p10rhs0_1247--p10rdt7719/Loads.dss"",""source_line"":293},{""profile"":""res_kw_42503-South-Central_pu.csv"",""kW"":6.90232975661774,""dss_timeseries_multiplier"":1.0,""center_tap_split"":true,""parquet_split_multiplier_if_used"":0.5,""source_file"":""p10rhs0_1247/p10rhs0_1247--p10rdt7719/Loads.dss"",""source_line"":295}]"
p10rlv26433,2,8.340639354642011,0.6137370247849318,0.5666520152361127,0.583606005153264,8.6328706741333,6.62116876622955,-0.02416090549672235,False,"[{""profile"":""res_kw_23991-South-Central_pu.csv"",""kW"":3.310584383114775,""dss_timeseries_multiplier"":1.0,""center_tap_split"":true,""parquet_split_multiplier_if_used"":0.5,""source_file"":""p10rhs0_1247/p10rhs0_1247--p10rdt7719/Loads.dss"",""source_line"":297},{""profile"":""res_kw_23991-South-Central_pu.csv"",""kW"":3.310584383114775,""dss_timeseries_multiplier"":1.0,""center_tap_split"":true,""parquet_split_multiplier_if_used"":0.5,""source_file"":""p10rhs0_1247/p10rhs0_1247--p10rdt7719/Loads.dss"",""source_line"":299}]"
p10rlv27290,2,9.714218810992376,1.1050054133179197,2.31567430865683,2.3196767350393617,7.796148300170898,11.884576991992132,0.295211708530539,False,"[{""profile"":""res_kw_25276-South-Central_pu.csv"",""kW"":5.942288495996066,""dss_timeseries_multiplier"":1.0,""center_tap_split"":true,""parquet_split_multiplier_if_used"":0.5,""source_file"":""p10rhs0_1247/p10rhs0_1247--p10rdt7719/Loads.dss"",""source_line"":301},{""profile"":""res_kw_25276-South-Central_pu.csv"",""kW"":5.942288495996066,""dss_timeseries_multiplier"":1.0,""center_tap_split"":true,""parquet_split_multiplier_if_used"":0.5,""source_file"":""p10rhs0_1247/p10rhs0_1247--p10rdt7719/Loads.dss"",""source_line"":303}]"
p10rlv27605,2,1.3457237259720027,0.09154043612315652,0.1187383479354733,0.11983353059602728,1.4287571907043457,1.4288054571613027,0.007574285618650801,False,"[{""profile"":""res_kw_1176-South-Central_pu.csv"",""kW"":0.7144027285806513,""dss_timeseries_multiplier"":1.0,""center_tap_split"":true,""parquet_split_multiplier_if_used"":0.5,""source_file"":""p10rhs0_1247/p10rhs0_1247--p10rdt7719/Loads.dss"",""source_line"":305},{""profile"":""res_kw_1176-South-Central_pu.csv"",""kW"":0.7144027285806513,""dss_timeseries_multiplier"":1.0,""center_tap_split"":true,""parquet_split_multiplier_if_used"":0.5,""source_file"":""p10rhs0_1247/p10rhs0_1247--p10rdt7719/Loads.dss"",""source_line"":307}]"
p10rlv27606,2,15.38967097776465,1.5741872677109143,2.5206821983118783,1.7435806482591234,15.920476913452148,10.423679169763984,0.04705629037940792,False,"[{""profile"":""res_kw_38844-South-Central_pu.csv"",""kW"":5.211839584881992,""dss_timeseries_multiplier"":1.0,""center_tap_split"":true,""parquet_split_multiplier_if_used"":0.5,""source_file"":""p10rhs0_1247/p10rhs0_1247--p10rdt7719/Loads.dss"",""source_line"":309},{""profile"":""res_kw_38844-South-Central_pu.csv"",""kW"":5.211839584881992,""dss_timeseries_multiplier"":1.0,""center_tap_split"":true,""parquet_split_multiplier_if_used"":0.5,""source_file"":""p10rhs0_1247/p10rhs0_1247--p10rdt7719/Loads.dss"",""source_line"":311}]"
p10rlv2790,2,9.145607686572788,0.7366552126098136,1.3406122646111671,1.510777183433702,10.07639217376709,11.377455678368023,0.3711338291985654,False,"[{""profile"":""res_kw_33754-South-Central_pu.csv"",""kW"":5.688727839184011,""dss_timeseries_multiplier"":1.0,""center_tap_split"":true,""parquet_split_multiplier_if_used"":0.5,""source_file"":""p10rhs0_1247/p10rhs0_1247--p10rdt7719/Loads.dss"",""source_line"":29},{""profile"":""res_kw_33754-South-Central_pu.csv"",""kW"":5.688727839184011,""dss_timeseries_multiplier"":1.0,""center_tap_split"":true,""parquet_split_multiplier_if_used"":0.5,""source_file"":""p10rhs0_1247/p10rhs0_1247--p10rdt7719/Loads.dss"",""source_line"":31}]"
p10rlv28435,2,4.549529893894568,0.5883550384779043,0.42648256813158963,0.528525619325958,2.6794400215148926,4.647982663114443,-0.10185842208848002,False,"[{""profile"":""res_kw_23787-South-Central_pu.csv"",""kW"":2.3239913315572216,""dss_timeseries_multiplier"":1.0,""center_tap_split"":true,""parquet_split_multiplier_if_used"":0.5,""source_file"":""p10rhs0_1247/p10rhs0_1247--p10rdt7719/Loads.dss"",""source_line"":313},{""profile"":""res_kw_23787-South-Central_pu.csv"",""kW"":2.3239913315572216,""dss_timeseries_multiplier"":1.0,""center_tap_split"":true,""parquet_split_multiplier_if_used"":0.5,""source_file"":""p10rhs0_1247/p10rhs0_1247--p10rdt7719/Loads.dss"",""source_line"":315}]"
p10rlv28744,2,13.27889701735298,1.53268015278278,1.6711426012354083,2.5941740753709146,7.494873046875,15.995020121448439,0.381241541187844,False,"[{""profile"":""res_kw_10645-South-Central_pu.csv"",""kW"":7.9975100607242195,""dss_timeseries_multiplier"":1.0,""center_tap_split"":true,""parquet_split_multiplier_if_used"":0.5,""source_file"":""p10rhs0_1247/p10rhs0_1247--p10rdt7719/Loads.dss"",""source_line"":317},{""profile"":""res_kw_10645-South-Central_pu.csv"",""kW"":7.9975100607242195,""dss_timeseries_multiplier"":1.0,""center_tap_split"":true,""parquet_split_multiplier_if_used"":0.5,""source_file"":""p10rhs0_1247/p10rhs0_1247--p10rdt7719/Loads.dss"",""source_line"":319}]"
p10rlv28745,2,2.8696638283127243,0.6300658051939407,2.767294016140237,2.7245003041715683,5.452325344085693,4.777200774151574,0.3999388103828785,False,"[{""profile"":""com_kw_37592-South-Central_pu.csv"",""kW"":2.388600387075787,""dss_timeseries_multiplier"":1.0,""center_tap_split"":true,""parquet_split_multiplier_if_used"":0.5,""source_file"":""p10rhs0_1247/p10rhs0_1247--p10rdt7719/Loads.dss"",""source_line"":321},{""profile"":""com_kw_37592-South-Central_pu.csv"",""kW"":2.388600387075787,""dss_timeseries_multiplier"":1.0,""center_tap_split"":true,""parquet_split_multiplier_if_used"":0.5,""source_file"":""p10rhs0_1247/p10rhs0_1247--p10rdt7719/Loads.dss"",""source_line"":323}]"
p10rlv29054,2,13.896777455038505,1.3017170357078744,2.230652250072251,2.237086737511109,15.577404022216797,15.703172076715953,0.25850861333492736,False,"[{""profile"":""res_kw_7607-South-Central_pu.csv"",""kW"":7.8515860383579765,""dss_timeseries_multiplier"":1.0,""center_tap_split"":true,""parquet_split_multiplier_if_used"":0.5,""source_file"":""p10rhs0_1247/p10rhs0_1247--p10rdt7719/Loads.dss"",""source_line"":325},{""profile"":""res_kw_7607-South-Central_pu.csv"",""kW"":7.8515860383579765,""dss_timeseries_multiplier"":1.0,""center_tap_split"":true,""parquet_split_multiplier_if_used"":0.5,""source_file"":""p10rhs0_1247/p10rhs0_1247--p10rdt7719/Loads.dss"",""source_line"":327}]"
p10rlv29354,2,14.257673716029016,1.423194790833528,2.230652250072251,2.2898754150467497,15.577404022216797,13.618570941135902,0.2646131625858255,False,"[{""profile"":""res_kw_39365-South-Central_pu.csv"",""kW"":6.809285470567951,""dss_timeseries_multiplier"":1.0,""center_tap_split"":true,""parquet_split_multiplier_if_used"":0.5,""source_file"":""p10rhs0_1247/p10rhs0_1247--p10rdt7719/Loads.dss"",""source_line"":329},{""profile"":""res_kw_39365-South-Central_pu.csv"",""kW"":6.809285470567951,""dss_timeseries_multiplier"":1.0,""center_tap_split"":true,""parquet_split_multiplier_if_used"":0.5,""source_file"":""p10rhs0_1247/p10rhs0_1247--p10rdt7719/Loads.dss"",""source_line"":331}]"
p10rlv29657,2,10.88970879456444,1.0118773484619499,1.9598404004098209,1.5975389068912709,11.696033477783203,9.623393920940051,0.23531746485765812,False,"[{""profile"":""res_kw_31842-South-Central_pu.csv"",""kW"":4.811696960470026,""dss_timeseries_multiplier"":1.0,""center_tap_split"":true,""parquet_split_multiplier_if_used"":0.5,""source_file"":""p10rhs0_1247/p10rhs0_1247--p10rdt7719/Loads.dss"",""source_line"":333},{""profile"":""res_kw_31842-South-Central_pu.csv"",""kW"":4.811696960470026,""dss_timeseries_multiplier"":1.0,""center_tap_split"":true,""parquet_split_multiplier_if_used"":0.5,""source_file"":""p10rhs0_1247/p10rhs0_1247--p10rdt7719/Loads.dss"",""source_line"":335}]"
p10rlv29902,2,10.386132690037645,0.9382087685287479,1.2884290646940266,1.292732480316432,8.730111122131348,10.900766405190385,0.4347420787105331,False,"[{""profile"":""res_kw_23115-South-Central_pu.csv"",""kW"":5.450383202595193,""dss_timeseries_multiplier"":1.0,""center_tap_split"":true,""parquet_split_multiplier_if_used"":0.5,""source_file"":""p10rhs0_1247/p10rhs0_1247--p10rdt7719/Loads.dss"",""source_line"":337},{""profile"":""res_kw_23115-South-Central_pu.csv"",""kW"":5.450383202595193,""dss_timeseries_multiplier"":1.0,""center_tap_split"":true,""parquet_split_multiplier_if_used"":0.5,""source_file"":""p10rhs0_1247/p10rhs0_1247--p10rdt7719/Loads.dss"",""source_line"":339}]"
p10rlv29910,2,10.591125291533853,1.523273927817574,1.2091140077972453,2.2064462836391936,4.709717750549316,10.980854016490365,0.48074490365965694,False,"[{""profile"":""res_kw_8828-South-Central_pu.csv"",""kW"":5.490427008245183,""dss_timeseries_multiplier"":1.0,""center_tap_split"":true,""parquet_split_multiplier_if_used"":0.5,""source_file"":""p10rhs0_1247/p10rhs0_1247--p10rdt7719/Loads.dss"",""source_line"":341},{""profile"":""res_kw_8828-South-Central_pu.csv"",""kW"":5.490427008245183,""dss_timeseries_multiplier"":1.0,""center_tap_split"":true,""parquet_split_multiplier_if_used"":0.5,""source_file"":""p10rhs0_1247/p10rhs0_1247--p10rdt7719/Loads.dss"",""source_line"":343}]"
p10rlv29912,2,2.419844194853383,0.17443700260300002,0.42648256813158963,0.44623238387307484,2.6794400215148926,2.799478746096811,0.8416182309103226,False,"[{""profile"":""res_kw_11856-South-Central_pu.csv"",""kW"":1.3997393730484056,""dss_timeseries_multiplier"":1.0,""center_tap_split"":true,""parquet_split_multiplier_if_used"":0.5,""source_file"":""p10rhs0_1247/p10rhs0_1247--p10rdt7719/Loads.dss"",""source_line"":345},{""profile"":""res_kw_11856-South-Central_pu.csv"",""kW"":1.3997393730484056,""dss_timeseries_multiplier"":1.0,""center_tap_split"":true,""parquet_split_multiplier_if_used"":0.5,""source_file"":""p10rhs0_1247/p10rhs0_1247--p10rdt7719/Loads.dss"",""source_line"":347}]"
p10rlv29913,2,7.5257266844623665,0.9324637960539943,1.6711426012354083,1.7435806482591234,7.494873046875,10.423679169763984,0.2624647468459288,False,"[{""profile"":""res_kw_38844-South-Central_pu.csv"",""kW"":5.211839584881992,""dss_timeseries_multiplier"":1.0,""center_tap_split"":true,""parquet_split_multiplier_if_used"":0.5,""source_file"":""p10rhs0_1247/p10rhs0_1247--p10rdt7719/Loads.dss"",""source_line"":349},{""profile"":""res_kw_38844-South-Central_pu.csv"",""kW"":5.211839584881992,""dss_timeseries_multiplier"":1.0,""center_tap_split"":true,""parquet_split_multiplier_if_used"":0.5,""source_file"":""p10rhs0_1247/p10rhs0_1247--p10rdt7719/Loads.dss"",""source_line"":351}]"
p10rlv29914,2,8.192371073385088,1.0229435801911877,1.1966972076278775,1.821033859290495,9.777734756469727,8.171184919150544,0.13356582800650443,False,"[{""profile"":""res_kw_17175-South-Central_pu.csv"",""kW"":4.085592459575272,""dss_timeseries_multiplier"":1.0,""center_tap_split"":true,""parquet_split_multiplier_if_used"":0.5,""source_file"":""p10rhs0_1247/p10rhs0_1247--p10rdt7719/Loads.dss"",""source_line"":353},{""profile"":""res_kw_17175-South-Central_pu.csv"",""kW"":4.085592459575272,""dss_timeseries_multiplier"":1.0,""center_tap_split"":true,""parquet_split_multiplier_if_used"":0.5,""source_file"":""p10rhs0_1247/p10rhs0_1247--p10rdt7719/Loads.dss"",""source_line"":355}]"
p10rlv30210,2,7.866545053626124,0.9634598252958824,1.3414321723236748,0.8067508842193339,9.892782211303711,7.743221565252681,0.2934692659525801,False,"[{""profile"":""res_kw_7563-South-Central_pu.csv"",""kW"":3.8716107826263406,""dss_timeseries_multiplier"":1.0,""center_tap_split"":true,""parquet_split_multiplier_if_used"":0.5,""source_file"":""p10rhs0_1247/p10rhs0_1247--p10rdt7719/Loads.dss"",""source_line"":357},{""profile"":""res_kw_7563-South-Central_pu.csv"",""kW"":3.8716107826263406,""dss_timeseries_multiplier"":1.0,""center_tap_split"":true,""parquet_split_multiplier_if_used"":0.5,""source_file"":""p10rhs0_1247/p10rhs0_1247--p10rdt7719/Loads.dss"",""source_line"":359}]"
p10rlv30211,2,5.668052680087003,0.8960555856620305,3.1425612534630245,2.4430788972466964,7.700747489929199,4.8420454292407,0.20503400521030635,False,"[{""profile"":""com_kw_37875-South-Central_pu.csv"",""kW"":2.42102271462035,""dss_timeseries_multiplier"":1.0,""center_tap_split"":true,""parquet_split_multiplier_if_used"":0.5,""source_file"":""p10rhs0_1247/p10rhs0_1247--p10rdt7719/Loads.dss"",""source_line"":361},{""profile"":""com_kw_37875-South-Central_pu.csv"",""kW"":2.42102271462035,""dss_timeseries_multiplier"":1.0,""center_tap_split"":true,""parquet_split_multiplier_if_used"":0.5,""source_file"":""p10rhs0_1247/p10rhs0_1247--p10rdt7719/Loads.dss"",""source_line"":363}]"
p10rlv3062,2,1.3457237259720027,0.09154043612315652,0.1187383479354733,0.11983353059602728,1.4287571907043457,1.4288054571613027,0.007574285618650801,False,"[{""profile"":""res_kw_1176-South-Central_pu.csv"",""kW"":0.7144027285806513,""dss_timeseries_multiplier"":1.0,""center_tap_split"":true,""parquet_split_multiplier_if_used"":0.5,""source_file"":""p10rhs0_1247/p10rhs0_1247--p10rdt7719/Loads.dss"",""source_line"":33},{""profile"":""res_kw_1176-South-Central_pu.csv"",""kW"":0.7144027285806513,""dss_timeseries_multiplier"":1.0,""center_tap_split"":true,""parquet_split_multiplier_if_used"":0.5,""source_file"":""p10rhs0_1247/p10rhs0_1247--p10rdt7719/Loads.dss"",""source_line"":35}]"
p10rlv30788,2,7.385393034551946,0.9445014944038499,2.604485090036098,3.258293054924508,4.313671588897705,9.450848024066257,-0.027732743423065767,False,"[{""profile"":""com_kw_37245-South-Central_pu.csv"",""kW"":4.725424012033129,""dss_timeseries_multiplier"":1.0,""center_tap_split"":true,""parquet_split_multiplier_if_used"":0.5,""source_file"":""p10rhs0_1247/p10rhs0_1247--p10rdt7719/Loads.dss"",""source_line"":365},{""profile"":""com_kw_37245-South-Central_pu.csv"",""kW"":4.725424012033129,""dss_timeseries_multiplier"":1.0,""center_tap_split"":true,""parquet_split_multiplier_if_used"":0.5,""source_file"":""p10rhs0_1247/p10rhs0_1247--p10rdt7719/Loads.dss"",""source_line"":367}]"
p10rlv3393,2,7.56009176281433,0.7767943132967915,1.1348290157772294,1.5541239161078246,8.526061058044434,9.36200964586487,0.42755289568248805,False,"[{""profile"":""res_kw_20395-South-Central_pu.csv"",""kW"":4.681004822932435,""dss_timeseries_multiplier"":1.0,""center_tap_split"":true,""parquet_split_multiplier_if_used"":0.5,""source_file"":""p10rhs0_1247/p10rhs0_1247--p10rdt7719/Loads.dss"",""source_line"":37},{""profile"":""res_kw_20395-South-Central_pu.csv"",""kW"":4.681004822932435,""dss_timeseries_multiplier"":1.0,""center_tap_split"":true,""parquet_split_multiplier_if_used"":0.5,""source_file"":""p10rhs0_1247/p10rhs0_1247--p10rdt7719/Loads.dss"",""source_line"":39}]"
p10rlv3394,2,13.822145121319888,1.5783444331333016,3.0596930372456437,1.9886656945861478,8.873741149902344,17.452488558514712,0.3594010092827556,False,"[{""profile"":""res_kw_21326-South-Central_pu.csv"",""kW"":8.726244279257356,""dss_timeseries_multiplier"":1.0,""center_tap_split"":true,""parquet_split_multiplier_if_used"":0.5,""source_file"":""p10rhs0_1247/p10rhs0_1247--p10rdt7719/Loads.dss"",""source_line"":41},{""profile"":""res_kw_21326-South-Central_pu.csv"",""kW"":8.726244279257356,""dss_timeseries_multiplier"":1.0,""center_tap_split"":true,""parquet_split_multiplier_if_used"":0.5,""source_file"":""p10rhs0_1247/p10rhs0_1247--p10rdt7719/Loads.dss"",""source_line"":43}]"
p10rlv3936,2,8.340639354642011,0.6137370247849318,0.5666520152361127,0.583606005153264,8.6328706741333,6.62116876622955,-0.02416090549672235,False,"[{""profile"":""res_kw_23991-South-Central_pu.csv"",""kW"":3.310584383114775,""dss_timeseries_multiplier"":1.0,""center_tap_split"":true,""parquet_split_multiplier_if_used"":0.5,""source_file"":""p10rhs0_1247/p10rhs0_1247--p10rdt7719/Loads.dss"",""source_line"":45},{""profile"":""res_kw_23991-South-Central_pu.csv"",""kW"":3.310584383114775,""dss_timeseries_multiplier"":1.0,""center_tap_split"":true,""parquet_split_multiplier_if_used"":0.5,""source_file"":""p10rhs0_1247/p10rhs0_1247--p10rdt7719/Loads.dss"",""source_line"":47}]"
p10rlv4224,2,7.080365895983388,0.7619172410280429,0.7743295609338643,1.0159205306558154,7.2504472732543945,7.823438493907728,0.06876681629239122,False,"[{""profile"":""res_kw_8514-South-Central_pu.csv"",""kW"":3.911719246953864,""dss_timeseries_multiplier"":1.0,""center_tap_split"":true,""parquet_split_multiplier_if_used"":0.5,""source_file"":""p10rhs0_1247/p10rhs0_1247--p10rdt7719/Loads.dss"",""source_line"":49},{""profile"":""res_kw_8514-South-Central_pu.csv"",""kW"":3.911719246953864,""dss_timeseries_multiplier"":1.0,""center_tap_split"":true,""parquet_split_multiplier_if_used"":0.5,""source_file"":""p10rhs0_1247/p10rhs0_1247--p10rdt7719/Loads.dss"",""source_line"":51}]"
p10rlv4862,2,12.513806564904263,1.3595778402376286,2.1571079148498438,2.613715699670468,13.118659019470215,13.424380798107485,0.21888586670926186,False,"[{""profile"":""res_kw_25634-South-Central_pu.csv"",""kW"":6.712190399053743,""dss_timeseries_multiplier"":1.0,""center_tap_split"":true,""parquet_split_multiplier_if_used"":0.5,""source_file"":""p10rhs0_1247/p10rhs0_1247--p10rdt7719/Loads.dss"",""source_line"":53},{""profile"":""res_kw_25634-South-Central_pu.csv"",""kW"":6.712190399053743,""dss_timeseries_multiplier"":1.0,""center_tap_split"":true,""parquet_split_multiplier_if_used"":0.5,""source_file"":""p10rhs0_1247/p10rhs0_1247--p10rdt7719/Loads.dss"",""source_line"":55}]"
p10rlv5170,2,6.5945340075190435,0.8990545111884822,2.194138129262177,1.7620791698208471,7.729160308837891,7.517944568851168,0.3392394766212283,False,"[{""profile"":""res_kw_26086-South-Central_pu.csv"",""kW"":3.758972284425584,""dss_timeseries_multiplier"":1.0,""center_tap_split"":true,""parquet_split_multiplier_if_used"":0.5,""source_file"":""p10rhs0_1247/p10rhs0_1247--p10rdt7719/Loads.dss"",""source_line"":57},{""profile"":""res_kw_26086-South-Central_pu.csv"",""kW"":3.758972284425584,""dss_timeseries_multiplier"":1.0,""center_tap_split"":true,""parquet_split_multiplier_if_used"":0.5,""source_file"":""p10rhs0_1247/p10rhs0_1247--p10rdt7719/Loads.dss"",""source_line"":59}]"
p10rlv5780,2,7.911452962128864,0.9246284882397361,1.487601859835253,1.4333526434481776,7.975512504577637,9.373834456729957,0.2156181117343076,False,"[{""profile"":""res_kw_38930-South-Central_pu.csv"",""kW"":4.686917228364979,""dss_timeseries_multiplier"":1.0,""center_tap_split"":true,""parquet_split_multiplier_if_used"":0.5,""source_file"":""p10rhs0_1247/p10rhs0_1247--p10rdt7719/Loads.dss"",""source_line"":61},{""profile"":""res_kw_38930-South-Central_pu.csv"",""kW"":4.686917228364979,""dss_timeseries_multiplier"":1.0,""center_tap_split"":true,""parquet_split_multiplier_if_used"":0.5,""source_file"":""p10rhs0_1247/p10rhs0_1247--p10rdt7719/Loads.dss"",""source_line"":63}]"
p10rlv5781,2,13.27889701735298,1.53268015278278,1.6711426012354083,2.5941740753709146,7.494873046875,15.995020121448439,0.381241541187844,False,"[{""profile"":""res_kw_10645-South-Central_pu.csv"",""kW"":7.9975100607242195,""dss_timeseries_multiplier"":1.0,""center_tap_split"":true,""parquet_split_multiplier_if_used"":0.5,""source_file"":""p10rhs0_1247/p10rhs0_1247--p10rdt7719/Loads.dss"",""source_line"":65},{""profile"":""res_kw_10645-South-Central_pu.csv"",""kW"":7.9975100607242195,""dss_timeseries_multiplier"":1.0,""center_tap_split"":true,""parquet_split_multiplier_if_used"":0.5,""source_file"":""p10rhs0_1247/p10rhs0_1247--p10rdt7719/Loads.dss"",""source_line"":67}]"
p10rlv6371,2,8.51064951575717,0.9661769470833894,1.6937643568239868,1.6687752959124615,5.923971176147461,10.571624113688078,0.25043377280193607,False,"[{""profile"":""res_kw_37494-South-Central_pu.csv"",""kW"":5.285812056844039,""dss_timeseries_multiplier"":1.0,""center_tap_split"":true,""parquet_split_multiplier_if_used"":0.5,""source_file"":""p10rhs0_1247/p10rhs0_1247--p10rdt7719/Loads.dss"",""source_line"":69},{""profile"":""res_kw_37494-South-Central_pu.csv"",""kW"":5.285812056844039,""dss_timeseries_multiplier"":1.0,""center_tap_split"":true,""parquet_split_multiplier_if_used"":0.5,""source_file"":""p10rhs0_1247/p10rhs0_1247--p10rdt7719/Loads.dss"",""source_line"":71}]"
p10rlv6373,2,7.122400910240061,0.6451772527681044,0.44086918834496935,0.6756439233774939,4.541248798370361,7.163049743157274,-0.03186590346261841,False,"[{""profile"":""res_kw_7860-South-Central_pu.csv"",""kW"":3.581524871578637,""dss_timeseries_multiplier"":1.0,""center_tap_split"":true,""parquet_split_multiplier_if_used"":0.5,""source_file"":""p10rhs0_1247/p10rhs0_1247--p10rdt7719/Loads.dss"",""source_line"":73},{""profile"":""res_kw_7860-South-Central_pu.csv"",""kW"":3.581524871578637,""dss_timeseries_multiplier"":1.0,""center_tap_split"":true,""parquet_split_multiplier_if_used"":0.5,""source_file"":""p10rhs0_1247/p10rhs0_1247--p10rdt7719/Loads.dss"",""source_line"":75}]"
p10rlv6659,2,14.65661781261092,1.538217623910773,2.1406686693004686,2.67042874950112,13.274259567260742,15.270444564319904,0.11312574769161428,False,"[{""profile"":""res_kw_4528-South-Central_pu.csv"",""kW"":7.635222282159952,""dss_timeseries_multiplier"":1.0,""center_tap_split"":true,""parquet_split_multiplier_if_used"":0.5,""source_file"":""p10rhs0_1247/p10rhs0_1247--p10rdt7719/Loads.dss"",""source_line"":77},{""profile"":""res_kw_4528-South-Central_pu.csv"",""kW"":7.635222282159952,""dss_timeseries_multiplier"":1.0,""center_tap_split"":true,""parquet_split_multiplier_if_used"":0.5,""source_file"":""p10rhs0_1247/p10rhs0_1247--p10rdt7719/Loads.dss"",""source_line"":79}]"
p10rlv679,2,7.080365895983388,0.7619172410280429,0.7743295609338643,1.0159205306558154,7.2504472732543945,7.823438493907728,0.06876681629239122,False,"[{""profile"":""res_kw_8514-South-Central_pu.csv"",""kW"":3.911719246953864,""dss_timeseries_multiplier"":1.0,""center_tap_split"":true,""parquet_split_multiplier_if_used"":0.5,""source_file"":""p10rhs0_1247/p10rhs0_1247--p10rdt7719/Loads.dss"",""source_line"":5},{""profile"":""res_kw_8514-South-Central_pu.csv"",""kW"":3.911719246953864,""dss_timeseries_multiplier"":1.0,""center_tap_split"":true,""parquet_split_multiplier_if_used"":0.5,""source_file"":""p10rhs0_1247/p10rhs0_1247--p10rdt7719/Loads.dss"",""source_line"":7}]"
p10rlv696,2,7.412645730058086,0.7214213944666072,1.1528921067527576,1.602876654350531,4.614020824432373,9.176824677184433,0.39143332152435345,False,"[{""profile"":""res_kw_13043-South-Central_pu.csv"",""kW"":4.588412338592216,""dss_timeseries_multiplier"":1.0,""center_tap_split"":true,""parquet_split_multiplier_if_used"":0.5,""source_file"":""p10rhs0_1247/p10rhs0_1247--p10rdt7719/Loads.dss"",""source_line"":9},{""profile"":""res_kw_13043-South-Central_pu.csv"",""kW"":4.588412338592216,""dss_timeseries_multiplier"":1.0,""center_tap_split"":true,""parquet_split_multiplier_if_used"":0.5,""source_file"":""p10rhs0_1247/p10rhs0_1247--p10rdt7719/Loads.dss"",""source_line"":11}]"
p10rlv7262,2,6.608529287144028,0.5900608903548206,1.1202915522261399,1.000037249717214,7.500922203063965,7.943449411209073,0.3193611782926596,False,"[{""profile"":""res_kw_18285-South-Central_pu.csv"",""kW"":3.9717247056045366,""dss_timeseries_multiplier"":1.0,""center_tap_split"":true,""parquet_split_multiplier_if_used"":0.5,""source_file"":""p10rhs0_1247/p10rhs0_1247--p10rdt7719/Loads.dss"",""source_line"":81},{""profile"":""res_kw_18285-South-Central_pu.csv"",""kW"":3.9717247056045366,""dss_timeseries_multiplier"":1.0,""center_tap_split"":true,""parquet_split_multiplier_if_used"":0.5,""source_file"":""p10rhs0_1247/p10rhs0_1247--p10rdt7719/Loads.dss"",""source_line"":83}]"
p10rlv7286,2,7.122400910240061,0.6451772527681044,0.44086918834496935,0.6756439233774939,4.541248798370361,7.163049743157274,-0.03186590346261841,False,"[{""profile"":""res_kw_7860-South-Central_pu.csv"",""kW"":3.581524871578637,""dss_timeseries_multiplier"":1.0,""center_tap_split"":true,""parquet_split_multiplier_if_used"":0.5,""source_file"":""p10rhs0_1247/p10rhs0_1247--p10rdt7719/Loads.dss"",""source_line"":85},{""profile"":""res_kw_7860-South-Central_pu.csv"",""kW"":3.581524871578637,""dss_timeseries_multiplier"":1.0,""center_tap_split"":true,""parquet_split_multiplier_if_used"":0.5,""source_file"":""p10rhs0_1247/p10rhs0_1247--p10rdt7719/Loads.dss"",""source_line"":87}]"
p10rlv7583,2,3.22581994712695,0.8969986992658305,3.0520049079368103,2.8333101239176237,4.406134605407715,4.226062519798277,-0.26162358105168176,False,"[{""profile"":""com_kw_38868-South-Central_pu.csv"",""kW"":2.1130312598991385,""dss_timeseries_multiplier"":1.0,""center_tap_split"":true,""parquet_split_multiplier_if_used"":0.5,""source_file"":""p10rhs0_1247/p10rhs0_1247--p10rdt7719/Loads.dss"",""source_line"":89},{""profile"":""com_kw_38868-South-Central_pu.csv"",""kW"":2.1130312598991385,""dss_timeseries_multiplier"":1.0,""center_tap_split"":true,""parquet_split_multiplier_if_used"":0.5,""source_file"":""p10rhs0_1247/p10rhs0_1247--p10rdt7719/Loads.dss"",""source_line"":91}]"
p10rlv7584,2,10.838533093735224,1.0585176492327728,1.8910920299640666,1.5185494428853679,13.331721305847168,10.327608341449324,0.190184572686775,False,"[{""profile"":""res_kw_39358-South-Central_pu.csv"",""kW"":5.163804170724662,""dss_timeseries_multiplier"":1.0,""center_tap_split"":true,""parquet_split_multiplier_if_used"":0.5,""source_file"":""p10rhs0_1247/p10rhs0_1247--p10rdt7719/Loads.dss"",""source_line"":93},{""profile"":""res_kw_39358-South-Central_pu.csv"",""kW"":5.163804170724662,""dss_timeseries_multiplier"":1.0,""center_tap_split"":true,""parquet_split_multiplier_if_used"":0.5,""source_file"":""p10rhs0_1247/p10rhs0_1247--p10rdt7719/Loads.dss"",""source_line"":95}]"
p10rlv7860,2,15.895860081804727,1.4093728880070866,2.4177991461068324,2.5164451183431584,10.396345138549805,17.262226328801983,0.30147840449336355,False,"[{""profile"":""res_kw_19358-South-Central_pu.csv"",""kW"":8.631113164400992,""dss_timeseries_multiplier"":1.0,""center_tap_split"":true,""parquet_split_multiplier_if_used"":0.5,""source_file"":""p10rhs0_1247/p10rhs0_1247--p10rdt7719/Loads.dss"",""source_line"":97},{""profile"":""res_kw_19358-South-Central_pu.csv"",""kW"":8.631113164400992,""dss_timeseries_multiplier"":1.0,""center_tap_split"":true,""parquet_split_multiplier_if_used"":0.5,""source_file"":""p10rhs0_1247/p10rhs0_1247--p10rdt7719/Loads.dss"",""source_line"":99}]"
p10rlv7861,2,12.796194785992622,0.7926605427755298,1.5510533902615513,1.2585896882870102,12.007994651794434,13.80465951323548,0.2203242551904418,False,"[{""profile"":""res_kw_42503-South-Central_pu.csv"",""kW"":6.90232975661774,""dss_timeseries_multiplier"":1.0,""center_tap_split"":true,""parquet_split_multiplier_if_used"":0.5,""source_file"":""p10rhs0_1247/p10rhs0_1247--p10rdt7719/Loads.dss"",""source_line"":101},{""profile"":""res_kw_42503-South-Central_pu.csv"",""kW"":6.90232975661774,""dss_timeseries_multiplier"":1.0,""center_tap_split"":true,""parquet_split_multiplier_if_used"":0.5,""source_file"":""p10rhs0_1247/p10rhs0_1247--p10rdt7719/Loads.dss"",""source_line"":103}]"
p10rlv8456,2,14.039454035430305,0.9125678738524219,1.403604995914348,1.7435806482591234,15.774336814880371,10.423679169763984,0.3311592231129004,False,"[{""profile"":""res_kw_38844-South-Central_pu.csv"",""kW"":5.211839584881992,""dss_timeseries_multiplier"":1.0,""center_tap_split"":true,""parquet_split_multiplier_if_used"":0.5,""source_file"":""p10rhs0_1247/p10rhs0_1247--p10rdt7719/Loads.dss"",""source_line"":105},{""profile"":""res_kw_38844-South-Central_pu.csv"",""kW"":5.211839584881992,""dss_timeseries_multiplier"":1.0,""center_tap_split"":true,""parquet_split_multiplier_if_used"":0.5,""source_file"":""p10rhs0_1247/p10rhs0_1247--p10rdt7719/Loads.dss"",""source_line"":107}]"
p10rlv9050,2,13.835012779028377,1.0062618175867715,1.2700571947743835,1.6848133687893425,11.32880687713623,15.359479643479043,0.14745803433581106,False,"[{""profile"":""res_kw_11241-South-Central_pu.csv"",""kW"":7.679739821739521,""dss_timeseries_multiplier"":1.0,""center_tap_split"":true,""parquet_split_multiplier_if_used"":0.5,""source_file"":""p10rhs0_1247/p10rhs0_1247--p10rdt7719/Loads.dss"",""source_line"":109},{""profile"":""res_kw_11241-South-Central_pu.csv"",""kW"":7.679739821739521,""dss_timeseries_multiplier"":1.0,""center_tap_split"":true,""parquet_split_multiplier_if_used"":0.5,""source_file"":""p10rhs0_1247/p10rhs0_1247--p10rdt7719/Loads.dss"",""source_line"":111}]"
p10rlv9051,2,17.510135962528164,1.9018194527103913,2.897996481436573,1.2803506727203922,20.140151977539062,7.665594212829937,0.32190030609085185,False,"[{""profile"":""res_kw_35047-South-Central_pu.csv"",""kW"":3.8327971064149686,""dss_timeseries_multiplier"":1.0,""center_tap_split"":true,""parquet_split_multiplier_if_used"":0.5,""source_file"":""p10rhs0_1247/p10rhs0_1247--p10rdt7719/Loads.dss"",""source_line"":113},{""profile"":""res_kw_35047-South-Central_pu.csv"",""kW"":3.8327971064149686,""dss_timeseries_multiplier"":1.0,""center_tap_split"":true,""parquet_split_multiplier_if_used"":0.5,""source_file"":""p10rhs0_1247/p10rhs0_1247--p10rdt7719/Loads.dss"",""source_line"":115}]"
p10rlv92,2,11.984598607258366,1.2953917570512938,2.060980358765754,1.4333526434481776,13.130929946899414,9.373834456729957,0.2105324794377744,False,"[{""profile"":""res_kw_38930-South-Central_pu.csv"",""kW"":4.686917228364979,""dss_timeseries_multiplier"":1.0,""center_tap_split"":true,""parquet_split_multiplier_if_used"":0.5,""source_file"":""p10rhs0_1247/p10rhs0_1247--p10rdt7719/Loads.dss"",""source_line"":1},{""profile"":""res_kw_38930-South-Central_pu.csv"",""kW"":4.686917228364979,""dss_timeseries_multiplier"":1.0,""center_tap_split"":true,""parquet_split_multiplier_if_used"":0.5,""source_file"":""p10rhs0_1247/p10rhs0_1247--p10rdt7719/Loads.dss"",""source_line"":3}]"
p10rlv943,2,15.000300947234052,1.4403550691980271,2.387827307554855,1.5403215527337926,17.324909210205078,9.656760134996539,0.3020094371599246,False,"[{""profile"":""res_kw_14610-South-Central_pu.csv"",""kW"":4.828380067498269,""dss_timeseries_multiplier"":1.0,""center_tap_split"":true,""parquet_split_multiplier_if_used"":0.5,""source_file"":""p10rhs0_1247/p10rhs0_1247--p10rdt7719/Loads.dss"",""source_line"":13},{""profile"":""res_kw_14610-South-Central_pu.csv"",""kW"":4.828380067498269,""dss_timeseries_multiplier"":1.0,""center_tap_split"":true,""parquet_split_multiplier_if_used"":0.5,""source_file"":""p10rhs0_1247/p10rhs0_1247--p10rdt7719/Loads.dss"",""source_line"":15}]"
p10rlv9646,2,17.859582647903956,1.9717746807031622,1.9717472122361264,3.0243047338908613,14.972823143005371,21.11840532742361,0.24568093738032926,False,"[{""profile"":""res_kw_31093-South-Central_pu.csv"",""kW"":10.559202663711805,""dss_timeseries_multiplier"":1.0,""center_tap_split"":true,""parquet_split_multiplier_if_used"":0.5,""source_file"":""p10rhs0_1247/p10rhs0_1247--p10rdt7719/Loads.dss"",""source_line"":117},{""profile"":""res_kw_31093-South-Central_pu.csv"",""kW"":10.559202663711805,""dss_timeseries_multiplier"":1.0,""center_tap_split"":true,""parquet_split_multiplier_if_used"":0.5,""source_file"":""p10rhs0_1247/p10rhs0_1247--p10rdt7719/Loads.dss"",""source_line"":119}]"
p10rlv9907,2,7.122400910240061,0.6451772527681044,0.44086918834496935,0.6756439233774939,4.541248798370361,7.163049743157274,-0.03186590346261841,False,"[{""profile"":""res_kw_7860-South-Central_pu.csv"",""kW"":3.581524871578637,""dss_timeseries_multiplier"":1.0,""center_tap_split"":true,""parquet_split_multiplier_if_used"":0.5,""source_file"":""p10rhs0_1247/p10rhs0_1247--p10rdt7719/Loads.dss"",""source_line"":121},{""profile"":""res_kw_7860-South-Central_pu.csv"",""kW"":3.581524871578637,""dss_timeseries_multiplier"":1.0,""center_tap_split"":true,""parquet_split_multiplier_if_used"":0.5,""source_file"":""p10rhs0_1247/p10rhs0_1247--p10rdt7719/Loads.dss"",""source_line"":123}]"
p10rlv9923,2,12.513806564904263,1.3595778402376286,2.1571079148498438,2.613715699670468,13.118659019470215,13.424380798107485,0.21888586670926186,False,"[{""profile"":""res_kw_25634-South-Central_pu.csv"",""kW"":6.712190399053743,""dss_timeseries_multiplier"":1.0,""center_tap_split"":true,""parquet_split_multiplier_if_used"":0.5,""source_file"":""p10rhs0_1247/p10rhs0_1247--p10rdt7719/Loads.dss"",""source_line"":125},{""profile"":""res_kw_25634-South-Central_pu.csv"",""kW"":6.712190399053743,""dss_timeseries_multiplier"":1.0,""center_tap_split"":true,""parquet_split_multiplier_if_used"":0.5,""source_file"":""p10rhs0_1247/p10rhs0_1247--p10rdt7719/Loads.dss"",""source_line"":127}]"
