node_id,bus,load_element_count,complete_official_files,dss_vs_parquet_max_abs_error_kw,dss_vs_parquet_mean_abs_error_kw,dss_vs_parquet_corr,legacy_vs_dss_max_abs_error_kw,legacy_vs_parquet_max_abs_error_kw,legacy_vs_dss_corr,legacy_vs_parquet_corr
p10rlv10217,p10rlv10217,2,True,0.8116621326718905,0.06537593034281713,0.9620926293731727,3.22581994712695,3.22581994712695,-0.26162358105168176,-0.3158853562338532
p10rlv11104,p10rlv11104,2,True,8.881784197001252e-16,1.8228062387752643e-17,1.0,8.775375614250002,8.775375614250002,0.30532269099920045,0.3053226909992005
p10rlv11105,p10rlv11105,2,True,2.7755575615628914e-17,9.445925776723025e-20,1.0,1.3652354765682715,1.3652354765682715,0.04012661983648573,0.04012661983648573
p10rlv11392,p10rlv11392,2,True,2.220446049250313e-16,7.967846321849636e-18,1.0,2.419844194853383,2.419844194853383,0.8416182309103225,0.8416182309103225
p10rlv12002,p10rlv12002,2,True,8.881784197001252e-16,1.0736591727296819e-16,1.0,9.288844017488339,9.288844017488339,0.11126071163029937,0.1112607116302994
p10rlv12029,p10rlv12029,2,True,4.440892098500626e-16,8.698964937523879e-18,1.0,6.5945340075190435,6.5945340075190435,0.33923947662122833,0.33923947662122833
p10rlv12030,p10rlv12030,2,True,4.440892098500626e-16,9.346911879692385e-20,1.0,13.772258490436476,13.772258490436476,0.2476966765958719,0.2476966765958719
p10rlv12345,p10rlv12345,2,True,4.440892098500626e-16,1.9337414090083927e-17,1.0,3.6677307770833165,3.6677307770833165,0.5821854253787627,0.5821854253787626
p10rlv13496,p10rlv13496,2,True,1.7763568394002505e-15,2.1339475088043463e-16,1.0,8.886092370682386,8.886092370682384,0.06713113827086208,0.06713113827086208
p10rlv13829,p10rlv13829,2,True,2.7755575615628914e-17,9.445925776723025e-20,1.0,2.5944545772520677,2.5944545772520677,0.38332582251399605,0.38332582251399605
p10rlv15288,p10rlv15288,2,True,8.881784197001252e-16,7.18365625736697e-18,1.0,7.530966081793668,7.530966081793668,0.2856689365448404,0.2856689365448404
p10rlv1542,p10rlv1542,2,True,8.881784197001252e-16,2.3666697723851618e-17,1.0,21.203895831791332,21.203895831791332,0.17482806756465177,0.17482806756465177
p10rlv15908,p10rlv15908,2,True,8.881784197001252e-16,1.8228062387752643e-17,1.0,8.775375614250002,8.775375614250002,0.30532269099920045,0.3053226909992005
p10rlv16523,p10rlv16523,2,True,8.881784197001252e-16,3.199495463089278e-17,0.9999999999999998,7.5257266844623665,7.5257266844623665,0.2624647468459288,0.2624647468459288
p10rlv17088,p10rlv17088,2,True,1.7763568394002505e-15,2.944594086573599e-17,1.0,14.975900500020352,14.975900500020352,0.18189878412132457,0.18189878412132457
p10rlv17370,p10rlv17370,2,True,2.220446049250313e-16,7.967846321849636e-18,1.0,2.419844194853383,2.419844194853383,0.8416182309103225,0.8416182309103225
p10rlv17685,p10rlv17685,2,True,8.881784197001252e-16,3.875958407602608e-17,1.0,7.5842545947439355,7.5842545947439355,0.32640977890304074,0.32640977890304074
p10rlv18002,p10rlv18002,2,True,1.1102230246251565e-16,1.8725508206434575e-18,0.9999999999999999,2.5878316979707545,2.5878316979707545,0.016191856938085423,0.016191856938085423
p10rlv1819,p10rlv1819,2,True,2.220446049250313e-16,9.676430129010354e-18,1.0,6.96842633695422,6.96842633695422,0.13869719679400774,0.1386971967940078
p10rlv18296,p10rlv18296,2,True,8.881784197001252e-16,2.130620641864117e-17,0.9999999999999998,11.30446150780877,11.30446150780877,0.06253238145613732,0.06253238145613732
p10rlv18297,p10rlv18297,2,True,8.881784197001252e-16,2.56003995273012e-16,1.0,5.819842776798072,5.819842776798071,0.815256192582755,0.8152561925827548
p10rlv18611,p10rlv18611,2,True,8.881784197001252e-16,2.986417556679342e-17,1.0,10.280911854466455,10.280911854466455,0.2728262282229207,0.2728262282229207
p10rlv18908,p10rlv18908,2,True,4.440892098500626e-16,5.549530900773293e-18,1.0,7.849818579478404,7.849818579478404,0.16856580729966056,0.16856580729966056
p10rlv19213,p10rlv19213,2,True,1.7763568394002505e-15,1.9425734486235258e-17,1.0,21.914859605922985,21.914859605922985,0.27716383750756834,0.27716383750756846
p10rlv19495,p10rlv19495,2,True,8.881784197001252e-16,2.7894987182648053e-17,0.9999999999999999,14.257673716029016,14.257673716029016,0.2646131625858255,0.2646131625858255
p10rlv19496,p10rlv19496,2,True,4.440892098500626e-16,8.698964937523879e-18,1.0,6.5945340075190435,6.5945340075190435,0.33923947662122833,0.33923947662122833
p10rlv19818,p10rlv19818,2,True,4.440892098500626e-16,2.492536238290511e-17,1.0,6.983712707483775,6.983712707483775,0.3427607215645435,0.3427607215645435
p10rlv20089,p10rlv20089,2,True,8.881784197001252e-16,2.56003995273012e-16,1.0,5.819842776798072,5.819842776798071,0.815256192582755,0.8152561925827548
p10rlv20103,p10rlv20103,2,True,8.881784197001252e-16,1.895363622519317e-17,1.0,11.937787398521857,11.937787398521857,0.385031474090437,0.385031474090437
p10rlv20105,p10rlv20105,2,True,2.220446049250313e-16,7.967846321849636e-18,1.0,2.419844194853383,2.419844194853383,0.8416182309103225,0.8416182309103225
p10rlv20976,p10rlv20976,2,True,8.881784197001252e-16,2.8659770523312715e-17,1.0,7.832190901423731,7.832190901423731,0.4383839698683854,0.4383839698683854
p10rlv21568,p10rlv21568,2,True,8.881784197001252e-16,8.054186440060354e-18,1.0,13.011207111858905,13.011207111858905,0.2664584414113428,0.2664584414113428
p10rlv21569,p10rlv21569,2,True,4.440892098500626e-16,1.1143816083004434e-17,1.0,5.680414020044356,5.680414020044356,0.1471999397093458,0.1471999397093458
p10rlv2169,p10rlv2169,2,True,8.881784197001252e-16,2.842728589308477e-17,1.0,8.587304146549974,8.587304146549974,0.1979862075870516,0.1979862075870516
p10rlv21869,p10rlv21869,2,True,2.220446049250313e-16,7.967846321849636e-18,1.0,2.419844194853383,2.419844194853383,0.8416182309103225,0.8416182309103225
p10rlv22134,p10rlv22134,2,True,2.7755575615628914e-17,9.445925776723025e-20,1.0,2.5944545772520677,2.5944545772520677,0.38332582251399605,0.38332582251399605
p10rlv22442,p10rlv22442,2,True,4.440892098500626e-16,8.698964937523879e-18,1.0,6.5945340075190435,6.5945340075190435,0.33923947662122833,0.33923947662122833
p10rlv23067,p10rlv23067,2,True,2.220446049250313e-16,7.967846321849636e-18,1.0,4.702696722122652,4.702696722122652,-0.022044710475098945,-0.022044710475098952
p10rlv23375,p10rlv23375,2,True,8.881784197001252e-16,5.1946650938154795e-18,1.0,13.578103378803691,13.578103378803691,0.25552343600897676,0.25552343600897676
p10rlv24009,p10rlv24009,2,True,8.881784197001252e-16,2.964238443744478e-17,1.0,13.94225418356457,13.94225418356457,0.1173978565211807,0.11739785652118069
p10rlv24610,p10rlv24610,2,True,8.881784197001252e-16,2.0380070031375377e-16,1.0,8.63400076429207,8.63400076429207,0.2815151970590624,0.28151519705906247
p10rlv24611,p10rlv24611,2,True,8.881784197001252e-16,4.056401333551246e-17,1.0,9.273904639072175,9.273904639072175,0.4813495144926284,0.4813495144926284
p10rlv24936,p10rlv24936,2,True,8.881784197001252e-16,3.2012381076770174e-17,1.0,12.623884742509373,12.623884742509373,0.20179271040584618,0.20179271040584618
p10rlv25536,p10rlv25536,2,True,4.440892098500626e-16,1.0185757615335965e-17,1.0,11.331029759868393,11.331029759868393,0.30697375779129493,0.30697375779129493
p10rlv26432,p10rlv26432,2,True,8.881784197001252e-16,1.295418617631265e-17,1.0,12.796194785992622,12.796194785992622,0.2203242551904418,0.2203242551904418
p10rlv26433,p10rlv26433,2,True,4.440892098500626e-16,9.13700241798743e-18,1.0,8.340639354642011,8.340639354642011,-0.02416090549672235,-0.024160905496722365
p10rlv27290,p10rlv27290,2,True,8.881784197001252e-16,4.4515063882623106e-17,1.0,9.714218810992376,9.714218810992376,0.2952117085305391,0.29521170853053913
p10rlv27605,p10rlv27605,2,True,1.1102230246251565e-16,1.8725508206434575e-18,0.9999999999999999,1.3457237259720027,1.3457237259720027,0.0075742856186508,0.0075742856186508
p10rlv27606,p10rlv27606,2,True,8.881784197001252e-16,3.199495463089278e-17,0.9999999999999998,15.38967097776465,15.38967097776465,0.047056290379407915,0.047056290379407915
p10rlv2790,p10rlv2790,2,True,8.881784197001252e-16,3.0317263159605626e-17,0.9999999999999998,9.145607686572788,9.145607686572788,0.3711338291985654,0.3711338291985654
p10rlv28435,p10rlv28435,2,True,4.440892098500626e-16,1.1648786957860697e-17,1.0,4.549529893894568,4.549529893894568,-0.10185842208848002,-0.10185842208848
p10rlv28744,p10rlv28744,2,True,4.440892098500626e-16,9.346911879692385e-20,1.0,13.27889701735298,13.27889701735298,0.381241541187844,0.381241541187844
p10rlv28745,p10rlv28745,2,True,0.3501667908130126,0.022563555748695726,0.9937816985126162,2.8696638283127243,3.012179309308871,0.39993881038287854,0.38181498784059764
p10rlv29054,p10rlv29054,2,True,8.881784197001252e-16,3.4092465025589854e-18,1.0,13.896777455038505,13.896777455038505,0.25850861333492736,0.25850861333492736
p10rlv29354,p10rlv29354,2,True,8.881784197001252e-16,2.7894987182648053e-17,0.9999999999999999,14.257673716029016,14.257673716029016,0.2646131625858255,0.2646131625858255
p10rlv29657,p10rlv29657,2,True,8.881784197001252e-16,2.8921563267061726e-17,0.9999999999999998,10.88970879456444,10.88970879456444,0.23531746485765814,0.23531746485765814
p10rlv29902,p10rlv29902,2,True,8.881784197001252e-16,2.53043875807384e-17,1.0,10.386132690037645,10.386132690037645,0.4347420787105331,0.4347420787105331
p10rlv29910,p10rlv29910,2,True,1.7763568394002505e-15,3.842087733706367e-16,1.0,10.591125291533853,10.591125291533851,0.48074490365965694,0.4807449036596567
p10rlv29912,p10rlv29912,2,True,2.220446049250313e-16,7.967846321849636e-18,1.0,2.419844194853383,2.419844194853383,0.8416182309103225,0.8416182309103225
p10rlv29913,p10rlv29913,2,True,8.881784197001252e-16,3.199495463089278e-17,0.9999999999999998,7.5257266844623665,7.5257266844623665,0.2624647468459288,0.2624647468459288
p10rlv29914,p10rlv29914,2,True,8.881784197001252e-16,6.010539605347951e-18,1.0,8.192371073385088,8.192371073385088,0.13356582800650443,0.13356582800650443
p10rlv30210,p10rlv30210,2,True,4.440892098500626e-16,2.8381343444862557e-18,0.9999999999999998,7.866545053626124,7.866545053626124,0.2934692659525801,0.2934692659525801
p10rlv30211,p10rlv30211,2,True,0.625691726509761,0.05039680561876698,0.9759348478593498,5.668052680087003,5.668052680087003,0.20503400521030635,0.20666645302306397
p10rlv3062,p10rlv3062,2,True,1.1102230246251565e-16,1.8725508206434575e-18,0.9999999999999999,1.3457237259720027,1.3457237259720027,0.0075742856186508,0.0075742856186508
p10rlv30788,p10rlv30788,2,True,8.881784197001252e-16,5.365444263413927e-17,1.0,7.385393034551946,7.385393034551946,-0.027732743423065767,-0.027732743423065778
p10rlv3393,p10rlv3393,2,True,8.881784197001252e-16,2.5540832766847565e-17,1.0,7.56009176281433,7.56009176281433,0.42755289568248805,0.42755289568248805
p10rlv3394,p10rlv3394,2,True,1.7763568394002505e-15,2.1336306643338483e-17,1.0,13.822145121319888,13.822145121319888,0.35940100928275565,0.35940100928275565
p10rlv3936,p10rlv3936,2,True,4.440892098500626e-16,9.13700241798743e-18,1.0,8.340639354642011,8.340639354642011,-0.02416090549672235,-0.024160905496722365
p10rlv4224,p10rlv4224,2,True,4.440892098500626e-16,1.5628353507316167e-18,0.9999999999999999,7.080365895983388,7.080365895983388,0.06876681629239122,0.06876681629239122
p10rlv4862,p10rlv4862,2,True,1.7763568394002505e-15,3.619868864322562e-16,0.9999999999999999,12.513806564904263,12.513806564904261,0.21888586670926186,0.218885866709262
p10rlv5170,p10rlv5170,2,True,4.440892098500626e-16,8.698964937523879e-18,1.0,6.5945340075190435,6.5945340075190435,0.33923947662122833,0.33923947662122833
p10rlv5780,p10rlv5780,2,True,8.881784197001252e-16,2.3506691266250103e-17,1.0,7.911452962128864,7.911452962128864,0.2156181117343076,0.2156181117343076
p10rlv5781,p10rlv5781,2,True,4.440892098500626e-16,9.346911879692385e-20,1.0,13.27889701735298,13.27889701735298,0.381241541187844,0.381241541187844
p10rlv6371,p10rlv6371,2,True,8.881784197001252e-16,3.2012381076770174e-17,1.0,8.51064951575717,8.51064951575717,0.25043377280193607,0.2504337728019361
p10rlv6373,p10rlv6373,2,True,4.440892098500626e-16,5.549530900773293e-18,1.0,7.122400910240061,7.122400910240061,-0.03186590346261841,-0.03186590346261841
p10rlv6659,p10rlv6659,2,True,8.881784197001252e-16,1.0040801270083109e-17,1.0,14.65661781261092,14.65661781261092,0.11312574769161428,0.11312574769161428
p10rlv679,p10rlv679,2,True,4.440892098500626e-16,1.5628353507316167e-18,0.9999999999999999,7.080365895983388,7.080365895983388,0.06876681629239122,0.06876681629239122
p10rlv696,p10rlv696,2,True,8.881784197001252e-16,2.4918233382318903e-17,1.0,7.412645730058086,7.412645730058086,0.3914333215243534,0.39143332152435334
p10rlv7262,p10rlv7262,2,True,4.440892098500626e-16,6.186388286474367e-19,1.0,6.608529287144028,6.608529287144028,0.31936117829265953,0.31936117829265953
p10rlv7286,p10rlv7286,2,True,4.440892098500626e-16,5.549530900773293e-18,1.0,7.122400910240061,7.122400910240061,-0.03186590346261841,-0.03186590346261841
p10rlv7583,p10rlv7583,2,True,0.8116621326718905,0.06537593034281713,0.9620926293731727,3.22581994712695,3.22581994712695,-0.26162358105168176,-0.3158853562338532
p10rlv7584,p10rlv7584,2,True,8.881784197001252e-16,2.812311520140665e-17,1.0,10.838533093735224,10.838533093735224,0.19018457268677497,0.19018457268677497
p10rlv7860,p10rlv7860,2,True,1.7763568394002505e-15,2.435900289188985e-17,1.0,15.895860081804727,15.895860081804727,0.30147840449336355,0.30147840449336344
p10rlv7861,p10rlv7861,2,True,8.881784197001252e-16,1.295418617631265e-17,1.0,12.796194785992622,12.796194785992622,0.2203242551904418,0.2203242551904418
p10rlv8456,p10rlv8456,2,True,8.881784197001252e-16,3.199495463089278e-17,0.9999999999999998,14.039454035430305,14.039454035430305,0.33115922311290036,0.33115922311290036
p10rlv9050,p10rlv9050,2,True,8.881784197001252e-16,5.1946650938154795e-18,1.0,13.835012779028377,13.835012779028377,0.14745803433581106,0.14745803433581106
p10rlv9051,p10rlv9051,2,True,4.440892098500626e-16,3.749854308344386e-18,1.0,17.510135962528164,17.510135962528164,0.32190030609085185,0.32190030609085185
p10rlv92,p10rlv92,2,True,8.881784197001252e-16,2.3506691266250103e-17,1.0,11.984598607258366,11.984598607258366,0.2105324794377744,0.21053247943777437
p10rlv943,p10rlv943,2,True,8.881784197001252e-16,2.645651328658692e-17,1.0,15.000300947234052,15.000300947234052,0.3020094371599247,0.3020094371599247
p10rlv9646,p10rlv9646,2,True,1.7763568394002505e-15,6.489608444740998e-17,1.0,17.859582647903956,17.859582647903956,0.24568093738032923,0.24568093738032923
p10rlv9907,p10rlv9907,2,True,4.440892098500626e-16,5.549530900773293e-18,1.0,7.122400910240061,7.122400910240061,-0.03186590346261841,-0.03186590346261841
p10rlv9923,p10rlv9923,2,True,1.7763568394002505e-15,3.619868864322562e-16,0.9999999999999999,12.513806564904263,12.513806564904261,0.21888586670926186,0.218885866709262
