node_id,load_element_count,load_elements
p10rlv92,2,"[{""device_name"":""load_p10rlv92_1"",""profile"":""res_kw_38930-South-Central_pu.csv"",""kW"":4.686917228364979,""center_tap_split"":true,""formula"":""Loads.dss kW * LoadShapes.dss mult"",""source_file"":""p10rhs0_1247/p10rhs0_1247--p10rdt7719/Loads.dss"",""source_line"":1},{""device_name"":""load_p10rlv92_2"",""profile"":""res_kw_38930-South-Central_pu.csv"",""kW"":4.686917228364979,""center_tap_split"":true,""formula"":""Loads.dss kW * LoadShapes.dss mult"",""source_file"":""p10rhs0_1247/p10rhs0_1247--p10rdt7719/Loads.dss"",""source_line"":3}]"
p10rlv679,2,"[{""device_name"":""load_p10rlv679_1"",""profile"":""res_kw_8514-South-Central_pu.csv"",""kW"":3.911719246953864,""center_tap_split"":true,""formula"":""Loads.dss kW * LoadShapes.dss mult"",""source_file"":""p10rhs0_1247/p10rhs0_1247--p10rdt7719/Loads.dss"",""source_line"":5},{""device_name"":""load_p10rlv679_2"",""profile"":""res_kw_8514-South-Central_pu.csv"",""kW"":3.911719246953864,""center_tap_split"":true,""formula"":""Loads.dss kW * LoadShapes.dss mult"",""source_file"":""p10rhs0_1247/p10rhs0_1247--p10rdt7719/Loads.dss"",""source_line"":7}]"
p10rlv696,2,"[{""device_name"":""load_p10rlv696_1"",""profile"":""res_kw_13043-South-Central_pu.csv"",""kW"":4.588412338592216,""center_tap_split"":true,""formula"":""Loads.dss kW * LoadShapes.dss mult"",""source_file"":""p10rhs0_1247/p10rhs0_1247--p10rdt7719/Loads.dss"",""source_line"":9},{""device_name"":""load_p10rlv696_2"",""profile"":""res_kw_13043-South-Central_pu.csv"",""kW"":4.588412338592216,""center_tap_split"":true,""formula"":""Loads.dss kW * LoadShapes.dss mult"",""source_file"":""p10rhs0_1247/p10rhs0_1247--p10rdt7719/Loads.dss"",""source_line"":11}]"
p10rlv943,2,"[{""device_name"":""load_p10rlv943_1"",""profile"":""res_kw_14610-South-Central_pu.csv"",""kW"":4.828380067498269,""center_tap_split"":true,""formula"":""Loads.dss kW * LoadShapes.dss mult"",""source_file"":""p10rhs0_1247/p10rhs0_1247--p10rdt7719/Loads.dss"",""source_line"":13},{""device_name"":""load_p10rlv943_2"",""profile"":""res_kw_14610-South-Central_pu.csv"",""kW"":4.828380067498269,""center_tap_split"":true,""formula"":""Loads.dss kW * LoadShapes.dss mult"",""source_file"":""p10rhs0_1247/p10rhs0_1247--p10rdt7719/Loads.dss"",""source_line"":15}]"
p10rlv1542,2,"[{""device_name"":""load_p10rlv1542_1"",""profile"":""res_kw_4557-South-Central_pu.csv"",""kW"":6.27865508831478,""center_tap_split"":true,""formula"":""Loads.dss kW * LoadShapes.dss mult"",""source_file"":""p10rhs0_1247/p10rhs0_1247--p10rdt7719/Loads.dss"",""source_line"":17},{""device_name"":""load_p10rlv1542_2"",""profile"":""res_kw_4557-South-Central_pu.csv"",""kW"":6.27865508831478,""center_tap_split"":true,""formula"":""Loads.dss kW * LoadShapes.dss mult"",""source_file"":""p10rhs0_1247/p10rhs0_1247--p10rdt7719/Loads.dss"",""source_line"":19}]"
p10rlv1819,2,"[{""device_name"":""load_p10rlv1819_1"",""profile"":""res_kw_41217-South-Central_pu.csv"",""kW"":1.6835101027753536,""center_tap_split"":true,""formula"":""Loads.dss kW * LoadShapes.dss mult"",""source_file"":""p10rhs0_1247/p10rhs0_1247--p10rdt7719/Loads.dss"",""source_line"":21},{""device_name"":""load_p10rlv1819_2"",""profile"":""res_kw_41217-South-Central_pu.csv"",""kW"":1.6835101027753536,""center_tap_split"":true,""formula"":""Loads.dss kW * LoadShapes.dss mult"",""source_file"":""p10rhs0_1247/p10rhs0_1247--p10rdt7719/Loads.dss"",""source_line"":23}]"
p10rlv2169,2,"[{""device_name"":""load_p10rlv2169_1"",""profile"":""res_kw_11396-South-Central_pu.csv"",""kW"":5.084386570377882,""center_tap_split"":true,""formula"":""Loads.dss kW * LoadShapes.dss mult"",""source_file"":""p10rhs0_1247/p10rhs0_1247--p10rdt7719/Loads.dss"",""source_line"":25},{""device_name"":""load_p10rlv2169_2"",""profile"":""res_kw_11396-South-Central_pu.csv"",""kW"":5.084386570377882,""center_tap_split"":true,""formula"":""Loads.dss kW * LoadShapes.dss mult"",""source_file"":""p10rhs0_1247/p10rhs0_1247--p10rdt7719/Loads.dss"",""source_line"":27}]"
p10rlv2790,2,"[{""device_name"":""load_p10rlv2790_1"",""profile"":""res_kw_33754-South-Central_pu.csv"",""kW"":5.688727839184011,""center_tap_split"":true,""formula"":""Loads.dss kW * LoadShapes.dss mult"",""source_file"":""p10rhs0_1247/p10rhs0_1247--p10rdt7719/Loads.dss"",""source_line"":29},{""device_name"":""load_p10rlv2790_2"",""profile"":""res_kw_33754-South-Central_pu.csv"",""kW"":5.688727839184011,""center_tap_split"":true,""formula"":""Loads.dss kW * LoadShapes.dss mult"",""source_file"":""p10rhs0_1247/p10rhs0_1247--p10rdt7719/Loads.dss"",""source_line"":31}]"
p10rlv3062,2,"[{""device_name"":""load_p10rlv3062_1"",""profile"":""res_kw_1176-South-Central_pu.csv"",""kW"":0.7144027285806513,""center_tap_split"":true,""formula"":""Loads.dss kW * LoadShapes.dss mult"",""source_file"":""p10rhs0_1247/p10rhs0_1247--p10rdt7719/Loads.dss"",""source_line"":33},{""device_name"":""load_p10rlv3062_2"",""profile"":""res_kw_1176-South-Central_pu.csv"",""kW"":0.7144027285806513,""center_tap_split"":true,""formula"":""Loads.dss kW * LoadShapes.dss mult"",""source_file"":""p10rhs0_1247/p10rhs0_1247--p10rdt7719/Loads.dss"",""source_line"":35}]"
p10rlv3393,2,"[{""device_name"":""load_p10rlv3393_1"",""profile"":""res_kw_20395-South-Central_pu.csv"",""kW"":4.681004822932435,""center_tap_split"":true,""formula"":""Loads.dss kW * LoadShapes.dss mult"",""source_file"":""p10rhs0_1247/p10rhs0_1247--p10rdt7719/Loads.dss"",""source_line"":37},{""device_name"":""load_p10rlv3393_2"",""profile"":""res_kw_20395-South-Central_pu.csv"",""kW"":4.681004822932435,""center_tap_split"":true,""formula"":""Loads.dss kW * LoadShapes.dss mult"",""source_file"":""p10rhs0_1247/p10rhs0_1247--p10rdt7719/Loads.dss"",""source_line"":39}]"
p10rlv3394,2,"[{""device_name"":""load_p10rlv3394_1"",""profile"":""res_kw_21326-South-Central_pu.csv"",""kW"":8.726244279257356,""center_tap_split"":true,""formula"":""Loads.dss kW * LoadShapes.dss mult"",""source_file"":""p10rhs0_1247/p10rhs0_1247--p10rdt7719/Loads.dss"",""source_line"":41},{""device_name"":""load_p10rlv3394_2"",""profile"":""res_kw_21326-South-Central_pu.csv"",""kW"":8.726244279257356,""center_tap_split"":true,""formula"":""Loads.dss kW * LoadShapes.dss mult"",""source_file"":""p10rhs0_1247/p10rhs0_1247--p10rdt7719/Loads.dss"",""source_line"":43}]"
p10rlv3936,2,"[{""device_name"":""load_p10rlv3936_1"",""profile"":""res_kw_23991-South-Central_pu.csv"",""kW"":3.310584383114775,""center_tap_split"":true,""formula"":""Loads.dss kW * LoadShapes.dss mult"",""source_file"":""p10rhs0_1247/p10rhs0_1247--p10rdt7719/Loads.dss"",""source_line"":45},{""device_name"":""load_p10rlv3936_2"",""profile"":""res_kw_23991-South-Central_pu.csv"",""kW"":3.310584383114775,""center_tap_split"":true,""formula"":""Loads.dss kW * LoadShapes.dss mult"",""source_file"":""p10rhs0_1247/p10rhs0_1247--p10rdt7719/Loads.dss"",""source_line"":47}]"
p10rlv4224,2,"[{""device_name"":""load_p10rlv4224_1"",""profile"":""res_kw_8514-South-Central_pu.csv"",""kW"":3.911719246953864,""center_tap_split"":true,""formula"":""Loads.dss kW * LoadShapes.dss mult"",""source_file"":""p10rhs0_1247/p10rhs0_1247--p10rdt7719/Loads.dss"",""source_line"":49},{""device_name"":""load_p10rlv4224_2"",""profile"":""res_kw_8514-South-Central_pu.csv"",""kW"":3.911719246953864,""center_tap_split"":true,""formula"":""Loads.dss kW * LoadShapes.dss mult"",""source_file"":""p10rhs0_1247/p10rhs0_1247--p10rdt7719/Loads.dss"",""source_line"":51}]"
p10rlv4862,2,"[{""device_name"":""load_p10rlv4862_1"",""profile"":""res_kw_25634-South-Central_pu.csv"",""kW"":6.712190399053743,""center_tap_split"":true,""formula"":""Loads.dss kW * LoadShapes.dss mult"",""source_file"":""p10rhs0_1247/p10rhs0_1247--p10rdt7719/Loads.dss"",""source_line"":53},{""device_name"":""load_p10rlv4862_2"",""profile"":""res_kw_25634-South-Central_pu.csv"",""kW"":6.712190399053743,""center_tap_split"":true,""formula"":""Loads.dss kW * LoadShapes.dss mult"",""source_file"":""p10rhs0_1247/p10rhs0_1247--p10rdt7719/Loads.dss"",""source_line"":55}]"
p10rlv5170,2,"[{""device_name"":""load_p10rlv5170_1"",""profile"":""res_kw_26086-South-Central_pu.csv"",""kW"":3.758972284425584,""center_tap_split"":true,""formula"":""Loads.dss kW * LoadShapes.dss mult"",""source_file"":""p10rhs0_1247/p10rhs0_1247--p10rdt7719/Loads.dss"",""source_line"":57},{""device_name"":""load_p10rlv5170_2"",""profile"":""res_kw_26086-South-Central_pu.csv"",""kW"":3.758972284425584,""center_tap_split"":true,""formula"":""Loads.dss kW * LoadShapes.dss mult"",""source_file"":""p10rhs0_1247/p10rhs0_1247--p10rdt7719/Loads.dss"",""source_line"":59}]"
p10rlv5780,2,"[{""device_name"":""load_p10rlv5780_1"",""profile"":""res_kw_38930-South-Central_pu.csv"",""kW"":4.686917228364979,""center_tap_split"":true,""formula"":""Loads.dss kW * LoadShapes.dss mult"",""source_file"":""p10rhs0_1247/p10rhs0_1247--p10rdt7719/Loads.dss"",""source_line"":61},{""device_name"":""load_p10rlv5780_2"",""profile"":""res_kw_38930-South-Central_pu.csv"",""kW"":4.686917228364979,""center_tap_split"":true,""formula"":""Loads.dss kW * LoadShapes.dss mult"",""source_file"":""p10rhs0_1247/p10rhs0_1247--p10rdt7719/Loads.dss"",""source_line"":63}]"
p10rlv5781,2,"[{""device_name"":""load_p10rlv5781_1"",""profile"":""res_kw_10645-South-Central_pu.csv"",""kW"":7.9975100607242195,""center_tap_split"":true,""formula"":""Loads.dss kW * LoadShapes.dss mult"",""source_file"":""p10rhs0_1247/p10rhs0_1247--p10rdt7719/Loads.dss"",""source_line"":65},{""device_name"":""load_p10rlv5781_2"",""profile"":""res_kw_10645-South-Central_pu.csv"",""kW"":7.9975100607242195,""center_tap_split"":true,""formula"":""Loads.dss kW * LoadShapes.dss mult"",""source_file"":""p10rhs0_1247/p10rhs0_1247--p10rdt7719/Loads.dss"",""source_line"":67}]"
p10rlv6371,2,"[{""device_name"":""load_p10rlv6371_1"",""profile"":""res_kw_37494-South-Central_pu.csv"",""kW"":5.285812056844039,""center_tap_split"":true,""formula"":""Loads.dss kW * LoadShapes.dss mult"",""source_file"":""p10rhs0_1247/p10rhs0_1247--p10rdt7719/Loads.dss"",""source_line"":69},{""device_name"":""load_p10rlv6371_2"",""profile"":""res_kw_37494-South-Central_pu.csv"",""kW"":5.285812056844039,""center_tap_split"":true,""formula"":""Loads.dss kW * LoadShapes.dss mult"",""source_file"":""p10rhs0_1247/p10rhs0_1247--p10rdt7719/Loads.dss"",""source_line"":71}]"
p10rlv6373,2,"[{""device_name"":""load_p10rlv6373_1"",""profile"":""res_kw_7860-South-Central_pu.csv"",""kW"":3.581524871578637,""center_tap_split"":true,""formula"":""Loads.dss kW * LoadShapes.dss mult"",""source_file"":""p10rhs0_1247/p10rhs0_1247--p10rdt7719/Loads.dss"",""source_line"":73},{""device_name"":""load_p10rlv6373_2"",""profile"":""res_kw_7860-South-Central_pu.csv"",""kW"":3.581524871578637,""center_tap_split"":true,""formula"":""Loads.dss kW * LoadShapes.dss mult"",""source_file"":""p10rhs0_1247/p10rhs0_1247--p10rdt7719/Loads.dss"",""source_line"":75}]"
p10rlv6659,2,"[{""device_name"":""load_p10rlv6659_1"",""profile"":""res_kw_4528-South-Central_pu.csv"",""kW"":7.635222282159952,""center_tap_split"":true,""formula"":""Loads.dss kW * LoadShapes.dss mult"",""source_file"":""p10rhs0_1247/p10rhs0_1247--p10rdt7719/Loads.dss"",""source_line"":77},{""device_name"":""load_p10rlv6659_2"",""profile"":""res_kw_4528-South-Central_pu.csv"",""kW"":7.635222282159952,""center_tap_split"":true,""formula"":""Loads.dss kW * LoadShapes.dss mult"",""source_file"":""p10rhs0_1247/p10rhs0_1247--p10rdt7719/Loads.dss"",""source_line"":79}]"
p10rlv7262,2,"[{""device_name"":""load_p10rlv7262_1"",""profile"":""res_kw_18285-South-Central_pu.csv"",""kW"":3.9717247056045366,""center_tap_split"":true,""formula"":""Loads.dss kW * LoadShapes.dss mult"",""source_file"":""p10rhs0_1247/p10rhs0_1247--p10rdt7719/Loads.dss"",""source_line"":81},{""device_name"":""load_p10rlv7262_2"",""profile"":""res_kw_18285-South-Central_pu.csv"",""kW"":3.9717247056045366,""center_tap_split"":true,""formula"":""Loads.dss kW * LoadShapes.dss mult"",""source_file"":""p10rhs0_1247/p10rhs0_1247--p10rdt7719/Loads.dss"",""source_line"":83}]"
p10rlv7286,2,"[{""device_name"":""load_p10rlv7286_1"",""profile"":""res_kw_7860-South-Central_pu.csv"",""kW"":3.581524871578637,""center_tap_split"":true,""formula"":""Loads.dss kW * LoadShapes.dss mult"",""source_file"":""p10rhs0_1247/p10rhs0_1247--p10rdt7719/Loads.dss"",""source_line"":85},{""device_name"":""load_p10rlv7286_2"",""profile"":""res_kw_7860-South-Central_pu.csv"",""kW"":3.581524871578637,""center_tap_split"":true,""formula"":""Loads.dss kW * LoadShapes.dss mult"",""source_file"":""p10rhs0_1247/p10rhs0_1247--p10rdt7719/Loads.dss"",""source_line"":87}]"
p10rlv7583,2,"[{""device_name"":""load_p10rlv7583_1"",""profile"":""com_kw_38868-South-Central_pu.csv"",""kW"":2.1130312598991385,""center_tap_split"":true,""formula"":""Loads.dss kW * LoadShapes.dss mult"",""source_file"":""p10rhs0_1247/p10rhs0_1247--p10rdt7719/Loads.dss"",""source_line"":89},{""device_name"":""load_p10rlv7583_2"",""profile"":""com_kw_38868-South-Central_pu.csv"",""kW"":2.1130312598991385,""center_tap_split"":true,""formula"":""Loads.dss kW * LoadShapes.dss mult"",""source_file"":""p10rhs0_1247/p10rhs0_1247--p10rdt7719/Loads.dss"",""source_line"":91}]"
p10rlv7584,2,"[{""device_name"":""load_p10rlv7584_1"",""profile"":""res_kw_39358-South-Central_pu.csv"",""kW"":5.163804170724662,""center_tap_split"":true,""formula"":""Loads.dss kW * LoadShapes.dss mult"",""source_file"":""p10rhs0_1247/p10rhs0_1247--p10rdt7719/Loads.dss"",""source_line"":93},{""device_name"":""load_p10rlv7584_2"",""profile"":""res_kw_39358-South-Central_pu.csv"",""kW"":5.163804170724662,""center_tap_split"":true,""formula"":""Loads.dss kW * LoadShapes.dss mult"",""source_file"":""p10rhs0_1247/p10rhs0_1247--p10rdt7719/Loads.dss"",""source_line"":95}]"
p10rlv7860,2,"[{""device_name"":""load_p10rlv7860_1"",""profile"":""res_kw_19358-South-Central_pu.csv"",""kW"":8.631113164400992,""center_tap_split"":true,""formula"":""Loads.dss kW * LoadShapes.dss mult"",""source_file"":""p10rhs0_1247/p10rhs0_1247--p10rdt7719/Loads.dss"",""source_line"":97},{""device_name"":""load_p10rlv7860_2"",""profile"":""res_kw_19358-South-Central_pu.csv"",""kW"":8.631113164400992,""center_tap_split"":true,""formula"":""Loads.dss kW * LoadShapes.dss mult"",""source_file"":""p10rhs0_1247/p10rhs0_1247--p10rdt7719/Loads.dss"",""source_line"":99}]"
p10rlv7861,2,"[{""device_name"":""load_p10rlv7861_1"",""profile"":""res_kw_42503-South-Central_pu.csv"",""kW"":6.90232975661774,""center_tap_split"":true,""formula"":""Loads.dss kW * LoadShapes.dss mult"",""source_file"":""p10rhs0_1247/p10rhs0_1247--p10rdt7719/Loads.dss"",""source_line"":101},{""device_name"":""load_p10rlv7861_2"",""profile"":""res_kw_42503-South-Central_pu.csv"",""kW"":6.90232975661774,""center_tap_split"":true,""formula"":""Loads.dss kW * LoadShapes.dss mult"",""source_file"":""p10rhs0_1247/p10rhs0_1247--p10rdt7719/Loads.dss"",""source_line"":103}]"
p10rlv8456,2,"[{""device_name"":""load_p10rlv8456_1"",""profile"":""res_kw_38844-South-Central_pu.csv"",""kW"":5.211839584881992,""center_tap_split"":true,""formula"":""Loads.dss kW * LoadShapes.dss mult"",""source_file"":""p10rhs0_1247/p10rhs0_1247--p10rdt7719/Loads.dss"",""source_line"":105},{""device_name"":""load_p10rlv8456_2"",""profile"":""res_kw_38844-South-Central_pu.csv"",""kW"":5.211839584881992,""center_tap_split"":true,""formula"":""Loads.dss kW * LoadShapes.dss mult"",""source_file"":""p10rhs0_1247/p10rhs0_1247--p10rdt7719/Loads.dss"",""source_line"":107}]"
p10rlv9050,2,"[{""device_name"":""load_p10rlv9050_1"",""profile"":""res_kw_11241-South-Central_pu.csv"",""kW"":7.679739821739521,""center_tap_split"":true,""formula"":""Loads.dss kW * LoadShapes.dss mult"",""source_file"":""p10rhs0_1247/p10rhs0_1247--p10rdt7719/Loads.dss"",""source_line"":109},{""device_name"":""load_p10rlv9050_2"",""profile"":""res_kw_11241-South-Central_pu.csv"",""kW"":7.679739821739521,""center_tap_split"":true,""formula"":""Loads.dss kW * LoadShapes.dss mult"",""source_file"":""p10rhs0_1247/p10rhs0_1247--p10rdt7719/Loads.dss"",""source_line"":111}]"
p10rlv9051,2,"[{""device_name"":""load_p10rlv9051_1"",""profile"":""res_kw_35047-South-Central_pu.csv"",""kW"":3.8327971064149686,""center_tap_split"":true,""formula"":""Loads.dss kW * LoadShapes.dss mult"",""source_file"":""p10rhs0_1247/p10rhs0_1247--p10rdt7719/Loads.dss"",""source_line"":113},{""device_name"":""load_p10rlv9051_2"",""profile"":""res_kw_35047-South-Central_pu.csv"",""kW"":3.8327971064149686,""center_tap_split"":true,""formula"":""Loads.dss kW * LoadShapes.dss mult"",""source_file"":""p10rhs0_1247/p10rhs0_1247--p10rdt7719/Loads.dss"",""source_line"":115}]"
p10rlv9646,2,"[{""device_name"":""load_p10rlv9646_1"",""profile"":""res_kw_31093-South-Central_pu.csv"",""kW"":10.559202663711805,""center_tap_split"":true,""formula"":""Loads.dss kW * LoadShapes.dss mult"",""source_file"":""p10rhs0_1247/p10rhs0_1247--p10rdt7719/Loads.dss"",""source_line"":117},{""device_name"":""load_p10rlv9646_2"",""profile"":""res_kw_31093-South-Central_pu.csv"",""kW"":10.559202663711805,""center_tap_split"":true,""formula"":""Loads.dss kW * LoadShapes.dss mult"",""source_file"":""p10rhs0_1247/p10rhs0_1247--p10rdt7719/Loads.dss"",""source_line"":119}]"
p10rlv9907,2,"[{""device_name"":""load_p10rlv9907_1"",""profile"":""res_kw_7860-South-Central_pu.csv"",""kW"":3.581524871578637,""center_tap_split"":true,""formula"":""Loads.dss kW * LoadShapes.dss mult"",""source_file"":""p10rhs0_1247/p10rhs0_1247--p10rdt7719/Loads.dss"",""source_line"":121},{""device_name"":""load_p10rlv9907_2"",""profile"":""res_kw_7860-South-Central_pu.csv"",""kW"":3.581524871578637,""center_tap_split"":true,""formula"":""Loads.dss kW * LoadShapes.dss mult"",""source_file"":""p10rhs0_1247/p10rhs0_1247--p10rdt7719/Loads.dss"",""source_line"":123}]"
p10rlv9923,2,"[{""device_name"":""load_p10rlv9923_1"",""profile"":""res_kw_25634-South-Central_pu.csv"",""kW"":6.712190399053743,""center_tap_split"":true,""formula"":""Loads.dss kW * LoadShapes.dss mult"",""source_file"":""p10rhs0_1247/p10rhs0_1247--p10rdt7719/Loads.dss"",""source_line"":125},{""device_name"":""load_p10rlv9923_2"",""profile"":""res_kw_25634-South-Central_pu.csv"",""kW"":6.712190399053743,""center_tap_split"":true,""formula"":""Loads.dss kW * LoadShapes.dss mult"",""source_file"":""p10rhs0_1247/p10rhs0_1247--p10rdt7719/Loads.dss"",""source_line"":127}]"
p10rlv10217,2,"[{""device_name"":""load_p10rlv10217_1"",""profile"":""com_kw_38868-South-Central_pu.csv"",""kW"":2.1130312598991385,""center_tap_split"":true,""formula"":""Loads.dss kW * LoadShapes.dss mult"",""source_file"":""p10rhs0_1247/p10rhs0_1247--p10rdt7719/Loads.dss"",""source_line"":129},{""device_name"":""load_p10rlv10217_2"",""profile"":""com_kw_38868-South-Central_pu.csv"",""kW"":2.1130312598991385,""center_tap_split"":true,""formula"":""Loads.dss kW * LoadShapes.dss mult"",""source_file"":""p10rhs0_1247/p10rhs0_1247--p10rdt7719/Loads.dss"",""source_line"":131}]"
p10rlv11104,2,"[{""device_name"":""load_p10rlv11104_1"",""profile"":""res_kw_16002-South-Central_pu.csv"",""kW"":4.4530405128702615,""center_tap_split"":true,""formula"":""Loads.dss kW * LoadShapes.dss mult"",""source_file"":""p10rhs0_1247/p10rhs0_1247--p10rdt7719/Loads.dss"",""source_line"":133},{""device_name"":""load_p10rlv11104_2"",""profile"":""res_kw_16002-South-Central_pu.csv"",""kW"":4.4530405128702615,""center_tap_split"":true,""formula"":""Loads.dss kW * LoadShapes.dss mult"",""source_file"":""p10rhs0_1247/p10rhs0_1247--p10rdt7719/Loads.dss"",""source_line"":135}]"
p10rlv11105,2,"[{""device_name"":""load_p10rlv11105_1"",""profile"":""res_kw_30417-South-Central_pu.csv"",""kW"":0.13062589158385968,""center_tap_split"":true,""formula"":""Loads.dss kW * LoadShapes.dss mult"",""source_file"":""p10rhs0_1247/p10rhs0_1247--p10rdt7719/Loads.dss"",""source_line"":137},{""device_name"":""load_p10rlv11105_2"",""profile"":""res_kw_30417-South-Central_pu.csv"",""kW"":0.13062589158385968,""center_tap_split"":true,""formula"":""Loads.dss kW * LoadShapes.dss mult"",""source_file"":""p10rhs0_1247/p10rhs0_1247--p10rdt7719/Loads.dss"",""source_line"":139}]"
p10rlv11392,2,"[{""device_name"":""load_p10rlv11392_1"",""profile"":""res_kw_11856-South-Central_pu.csv"",""kW"":1.3997393730484056,""center_tap_split"":true,""formula"":""Loads.dss kW * LoadShapes.dss mult"",""source_file"":""p10rhs0_1247/p10rhs0_1247--p10rdt7719/Loads.dss"",""source_line"":141},{""device_name"":""load_p10rlv11392_2"",""profile"":""res_kw_11856-South-Central_pu.csv"",""kW"":1.3997393730484056,""center_tap_split"":true,""formula"":""Loads.dss kW * LoadShapes.dss mult"",""source_file"":""p10rhs0_1247/p10rhs0_1247--p10rdt7719/Loads.dss"",""source_line"":143}]"
p10rlv12002,2,"[{""device_name"":""load_p10rlv12002_1"",""profile"":""res_kw_4055-South-Central_pu.csv"",""kW"":3.3885501611893094,""center_tap_split"":true,""formula"":""Loads.dss kW * LoadShapes.dss mult"",""source_file"":""p10rhs0_1247/p10rhs0_1247--p10rdt7719/Loads.dss"",""source_line"":145},{""device_name"":""load_p10rlv12002_2"",""profile"":""res_kw_4055-South-Central_pu.csv"",""kW"":3.3885501611893094,""center_tap_split"":true,""formula"":""Loads.dss kW * LoadShapes.dss mult"",""source_file"":""p10rhs0_1247/p10rhs0_1247--p10rdt7719/Loads.dss"",""source_line"":147}]"
p10rlv12029,2,"[{""device_name"":""load_p10rlv12029_1"",""profile"":""res_kw_26086-South-Central_pu.csv"",""kW"":3.758972284425584,""center_tap_split"":true,""formula"":""Loads.dss kW * LoadShapes.dss mult"",""source_file"":""p10rhs0_1247/p10rhs0_1247--p10rdt7719/Loads.dss"",""source_line"":149},{""device_name"":""load_p10rlv12029_2"",""profile"":""res_kw_26086-South-Central_pu.csv"",""kW"":3.758972284425584,""center_tap_split"":true,""formula"":""Loads.dss kW * LoadShapes.dss mult"",""source_file"":""p10rhs0_1247/p10rhs0_1247--p10rdt7719/Loads.dss"",""source_line"":151}]"
p10rlv12030,2,"[{""device_name"":""load_p10rlv12030_1"",""profile"":""res_kw_10645-South-Central_pu.csv"",""kW"":7.9975100607242195,""center_tap_split"":true,""formula"":""Loads.dss kW * LoadShapes.dss mult"",""source_file"":""p10rhs0_1247/p10rhs0_1247--p10rdt7719/Loads.dss"",""source_line"":153},{""device_name"":""load_p10rlv12030_2"",""profile"":""res_kw_10645-South-Central_pu.csv"",""kW"":7.9975100607242195,""center_tap_split"":true,""formula"":""Loads.dss kW * LoadShapes.dss mult"",""source_file"":""p10rhs0_1247/p10rhs0_1247--p10rdt7719/Loads.dss"",""source_line"":155}]"
p10rlv12345,2,"[{""device_name"":""load_p10rlv12345_1"",""profile"":""res_kw_6795-South-Central_pu.csv"",""kW"":2.7062246199214086,""center_tap_split"":true,""formula"":""Loads.dss kW * LoadShapes.dss mult"",""source_file"":""p10rhs0_1247/p10rhs0_1247--p10rdt7719/Loads.dss"",""source_line"":157},{""device_name"":""load_p10rlv12345_2"",""profile"":""res_kw_6795-South-Central_pu.csv"",""kW"":2.7062246199214086,""center_tap_split"":true,""formula"":""Loads.dss kW * LoadShapes.dss mult"",""source_file"":""p10rhs0_1247/p10rhs0_1247--p10rdt7719/Loads.dss"",""source_line"":159}]"
p10rlv13496,2,"[{""device_name"":""load_p10rlv13496_1"",""profile"":""res_kw_22490-South-Central_pu.csv"",""kW"":4.769117054328243,""center_tap_split"":true,""formula"":""Loads.dss kW * LoadShapes.dss mult"",""source_file"":""p10rhs0_1247/p10rhs0_1247--p10rdt7719/Loads.dss"",""source_line"":161},{""device_name"":""load_p10rlv13496_2"",""profile"":""res_kw_22490-South-Central_pu.csv"",""kW"":4.769117054328243,""center_tap_split"":true,""formula"":""Loads.dss kW * LoadShapes.dss mult"",""source_file"":""p10rhs0_1247/p10rhs0_1247--p10rdt7719/Loads.dss"",""source_line"":163}]"
p10rlv13829,2,"[{""device_name"":""load_p10rlv13829_1"",""profile"":""res_kw_30417-South-Central_pu.csv"",""kW"":0.13062589158385968,""center_tap_split"":true,""formula"":""Loads.dss kW * LoadShapes.dss mult"",""source_file"":""p10rhs0_1247/p10rhs0_1247--p10rdt7719/Loads.dss"",""source_line"":165},{""device_name"":""load_p10rlv13829_2"",""profile"":""res_kw_30417-South-Central_pu.csv"",""kW"":0.13062589158385968,""center_tap_split"":true,""formula"":""Loads.dss kW * LoadShapes.dss mult"",""source_file"":""p10rhs0_1247/p10rhs0_1247--p10rdt7719/Loads.dss"",""source_line"":167}]"
p10rlv15288,2,"[{""device_name"":""load_p10rlv15288_1"",""profile"":""res_kw_7138-South-Central_pu.csv"",""kW"":4.334160287467421,""center_tap_split"":true,""formula"":""Loads.dss kW * LoadShapes.dss mult"",""source_file"":""p10rhs0_1247/p10rhs0_1247--p10rdt7719/Loads.dss"",""source_line"":169},{""device_name"":""load_p10rlv15288_2"",""profile"":""res_kw_7138-South-Central_pu.csv"",""kW"":4.334160287467421,""center_tap_split"":true,""formula"":""Loads.dss kW * LoadShapes.dss mult"",""source_file"":""p10rhs0_1247/p10rhs0_1247--p10rdt7719/Loads.dss"",""source_line"":171}]"
p10rlv15908,2,"[{""device_name"":""load_p10rlv15908_1"",""profile"":""res_kw_16002-South-Central_pu.csv"",""kW"":4.4530405128702615,""center_tap_split"":true,""formula"":""Loads.dss kW * LoadShapes.dss mult"",""source_file"":""p10rhs0_1247/p10rhs0_1247--p10rdt7719/Loads.dss"",""source_line"":173},{""device_name"":""load_p10rlv15908_2"",""profile"":""res_kw_16002-South-Central_pu.csv"",""kW"":4.4530405128702615,""center_tap_split"":true,""formula"":""Loads.dss kW * LoadShapes.dss mult"",""source_file"":""p10rhs0_1247/p10rhs0_1247--p10rdt7719/Loads.dss"",""source_line"":175}]"
p10rlv16523,2,"[{""device_name"":""load_p10rlv16523_1"",""profile"":""res_kw_38844-South-Central_pu.csv"",""kW"":5.211839584881992,""center_tap_split"":true,""formula"":""Loads.dss kW * LoadShapes.dss mult"",""source_file"":""p10rhs0_1247/p10rhs0_1247--p10rdt7719/Loads.dss"",""source_line"":177},{""device_name"":""load_p10rlv16523_2"",""profile"":""res_kw_38844-South-Central_pu.csv"",""kW"":5.211839584881992,""center_tap_split"":true,""formula"":""Loads.dss kW * LoadShapes.dss mult"",""source_file"":""p10rhs0_1247/p10rhs0_1247--p10rdt7719/Loads.dss"",""source_line"":179}]"
p10rlv17088,2,"[{""device_name"":""load_p10rlv17088_1"",""profile"":""res_kw_41516-South-Central_pu.csv"",""kW"":8.907293616031806,""center_tap_split"":true,""formula"":""Loads.dss kW * LoadShapes.dss mult"",""source_file"":""p10rhs0_1247/p10rhs0_1247--p10rdt7719/Loads.dss"",""source_line"":181},{""device_name"":""load_p10rlv17088_2"",""profile"":""res_kw_41516-South-Central_pu.csv"",""kW"":8.907293616031806,""center_tap_split"":true,""formula"":""Loads.dss kW * LoadShapes.dss mult"",""source_file"":""p10rhs0_1247/p10rhs0_1247--p10rdt7719/Loads.dss"",""source_line"":183}]"
p10rlv17370,2,"[{""device_name"":""load_p10rlv17370_1"",""profile"":""res_kw_11856-South-Central_pu.csv"",""kW"":1.3997393730484056,""center_tap_split"":true,""formula"":""Loads.dss kW * LoadShapes.dss mult"",""source_file"":""p10rhs0_1247/p10rhs0_1247--p10rdt7719/Loads.dss"",""source_line"":185},{""device_name"":""load_p10rlv17370_2"",""profile"":""res_kw_11856-South-Central_pu.csv"",""kW"":1.3997393730484056,""center_tap_split"":true,""formula"":""Loads.dss kW * LoadShapes.dss mult"",""source_file"":""p10rhs0_1247/p10rhs0_1247--p10rdt7719/Loads.dss"",""source_line"":187}]"
p10rlv17685,2,"[{""device_name"":""load_p10rlv17685_1"",""profile"":""res_kw_5492-South-Central_pu.csv"",""kW"":4.7587987045947155,""center_tap_split"":true,""formula"":""Loads.dss kW * LoadShapes.dss mult"",""source_file"":""p10rhs0_1247/p10rhs0_1247--p10rdt7719/Loads.dss"",""source_line"":189},{""device_name"":""load_p10rlv17685_2"",""profile"":""res_kw_5492-South-Central_pu.csv"",""kW"":4.7587987045947155,""center_tap_split"":true,""formula"":""Loads.dss kW * LoadShapes.dss mult"",""source_file"":""p10rhs0_1247/p10rhs0_1247--p10rdt7719/Loads.dss"",""source_line"":191}]"
p10rlv18002,2,"[{""device_name"":""load_p10rlv18002_1"",""profile"":""res_kw_1176-South-Central_pu.csv"",""kW"":0.7144027285806513,""center_tap_split"":true,""formula"":""Loads.dss kW * LoadShapes.dss mult"",""source_file"":""p10rhs0_1247/p10rhs0_1247--p10rdt7719/Loads.dss"",""source_line"":193},{""device_name"":""load_p10rlv18002_2"",""profile"":""res_kw_1176-South-Central_pu.csv"",""kW"":0.7144027285806513,""center_tap_split"":true,""formula"":""Loads.dss kW * LoadShapes.dss mult"",""source_file"":""p10rhs0_1247/p10rhs0_1247--p10rdt7719/Loads.dss"",""source_line"":195}]"
p10rlv18296,2,"[{""device_name"":""load_p10rlv18296_1"",""profile"":""res_kw_16296-South-Central_pu.csv"",""kW"":4.7425470684875775,""center_tap_split"":true,""formula"":""Loads.dss kW * LoadShapes.dss mult"",""source_file"":""p10rhs0_1247/p10rhs0_1247--p10rdt7719/Loads.dss"",""source_line"":197},{""device_name"":""load_p10rlv18296_2"",""profile"":""res_kw_16296-South-Central_pu.csv"",""kW"":4.7425470684875775,""center_tap_split"":true,""formula"":""Loads.dss kW * LoadShapes.dss mult"",""source_file"":""p10rhs0_1247/p10rhs0_1247--p10rdt7719/Loads.dss"",""source_line"":199}]"
p10rlv18297,2,"[{""device_name"":""load_p10rlv18297_1"",""profile"":""res_kw_12784-South-Central_pu.csv"",""kW"":3.6859586176966643,""center_tap_split"":true,""formula"":""Loads.dss kW * LoadShapes.dss mult"",""source_file"":""p10rhs0_1247/p10rhs0_1247--p10rdt7719/Loads.dss"",""source_line"":201},{""device_name"":""load_p10rlv18297_2"",""profile"":""res_kw_12784-South-Central_pu.csv"",""kW"":3.6859586176966643,""center_tap_split"":true,""formula"":""Loads.dss kW * LoadShapes.dss mult"",""source_file"":""p10rhs0_1247/p10rhs0_1247--p10rdt7719/Loads.dss"",""source_line"":203}]"
p10rlv18611,2,"[{""device_name"":""load_p10rlv18611_1"",""profile"":""res_kw_12756-South-Central_pu.csv"",""kW"":5.6689323884746035,""center_tap_split"":true,""formula"":""Loads.dss kW * LoadShapes.dss mult"",""source_file"":""p10rhs0_1247/p10rhs0_1247--p10rdt7719/Loads.dss"",""source_line"":205},{""device_name"":""load_p10rlv18611_2"",""profile"":""res_kw_12756-South-Central_pu.csv"",""kW"":5.6689323884746035,""center_tap_split"":true,""formula"":""Loads.dss kW * LoadShapes.dss mult"",""source_file"":""p10rhs0_1247/p10rhs0_1247--p10rdt7719/Loads.dss"",""source_line"":207}]"
p10rlv18908,2,"[{""device_name"":""load_p10rlv18908_1"",""profile"":""res_kw_7860-South-Central_pu.csv"",""kW"":3.581524871578637,""center_tap_split"":true,""formula"":""Loads.dss kW * LoadShapes.dss mult"",""source_file"":""p10rhs0_1247/p10rhs0_1247--p10rdt7719/Loads.dss"",""source_line"":209},{""device_name"":""load_p10rlv18908_2"",""profile"":""res_kw_7860-South-Central_pu.csv"",""kW"":3.581524871578637,""center_tap_split"":true,""formula"":""Loads.dss kW * LoadShapes.dss mult"",""source_file"":""p10rhs0_1247/p10rhs0_1247--p10rdt7719/Loads.dss"",""source_line"":211}]"
p10rlv19213,2,"[{""device_name"":""load_p10rlv19213_1"",""profile"":""res_kw_38206-South-Central_pu.csv"",""kW"":11.563612080164098,""center_tap_split"":true,""formula"":""Loads.dss kW * LoadShapes.dss mult"",""source_file"":""p10rhs0_1247/p10rhs0_1247--p10rdt7719/Loads.dss"",""source_line"":213},{""device_name"":""load_p10rlv19213_2"",""profile"":""res_kw_38206-South-Central_pu.csv"",""kW"":11.563612080164098,""center_tap_split"":true,""formula"":""Loads.dss kW * LoadShapes.dss mult"",""source_file"":""p10rhs0_1247/p10rhs0_1247--p10rdt7719/Loads.dss"",""source_line"":215}]"
p10rlv19495,2,"[{""device_name"":""load_p10rlv19495_1"",""profile"":""res_kw_39365-South-Central_pu.csv"",""kW"":6.809285470567951,""center_tap_split"":true,""formula"":""Loads.dss kW * LoadShapes.dss mult"",""source_file"":""p10rhs0_1247/p10rhs0_1247--p10rdt7719/Loads.dss"",""source_line"":217},{""device_name"":""load_p10rlv19495_2"",""profile"":""res_kw_39365-South-Central_pu.csv"",""kW"":6.809285470567951,""center_tap_split"":true,""formula"":""Loads.dss kW * LoadShapes.dss mult"",""source_file"":""p10rhs0_1247/p10rhs0_1247--p10rdt7719/Loads.dss"",""source_line"":219}]"
p10rlv19496,2,"[{""device_name"":""load_p10rlv19496_1"",""profile"":""res_kw_26086-South-Central_pu.csv"",""kW"":3.758972284425584,""center_tap_split"":true,""formula"":""Loads.dss kW * LoadShapes.dss mult"",""source_file"":""p10rhs0_1247/p10rhs0_1247--p10rdt7719/Loads.dss"",""source_line"":221},{""device_name"":""load_p10rlv19496_2"",""profile"":""res_kw_26086-South-Central_pu.csv"",""kW"":3.758972284425584,""center_tap_split"":true,""formula"":""Loads.dss kW * LoadShapes.dss mult"",""source_file"":""p10rhs0_1247/p10rhs0_1247--p10rdt7719/Loads.dss"",""source_line"":223}]"
p10rlv19818,2,"[{""device_name"":""load_p10rlv19818_1"",""profile"":""res_kw_15647-South-Central_pu.csv"",""kW"":2.81815392476102,""center_tap_split"":true,""formula"":""Loads.dss kW * LoadShapes.dss mult"",""source_file"":""p10rhs0_1247/p10rhs0_1247--p10rdt7719/Loads.dss"",""source_line"":225},{""device_name"":""load_p10rlv19818_2"",""profile"":""res_kw_15647-South-Central_pu.csv"",""kW"":2.81815392476102,""center_tap_split"":true,""formula"":""Loads.dss kW * LoadShapes.dss mult"",""source_file"":""p10rhs0_1247/p10rhs0_1247--p10rdt7719/Loads.dss"",""source_line"":227}]"
p10rlv20089,2,"[{""device_name"":""load_p10rlv20089_1"",""profile"":""res_kw_12784-South-Central_pu.csv"",""kW"":3.6859586176966643,""center_tap_split"":true,""formula"":""Loads.dss kW * LoadShapes.dss mult"",""source_file"":""p10rhs0_1247/p10rhs0_1247--p10rdt7719/Loads.dss"",""source_line"":229},{""device_name"":""load_p10rlv20089_2"",""profile"":""res_kw_12784-South-Central_pu.csv"",""kW"":3.6859586176966643,""center_tap_split"":true,""formula"":""Loads.dss kW * LoadShapes.dss mult"",""source_file"":""p10rhs0_1247/p10rhs0_1247--p10rdt7719/Loads.dss"",""source_line"":231}]"
p10rlv20103,2,"[{""device_name"":""load_p10rlv20103_1"",""profile"":""res_kw_5149-South-Central_pu.csv"",""kW"":7.351431347440731,""center_tap_split"":true,""formula"":""Loads.dss kW * LoadShapes.dss mult"",""source_file"":""p10rhs0_1247/p10rhs0_1247--p10rdt7719/Loads.dss"",""source_line"":233},{""device_name"":""load_p10rlv20103_2"",""profile"":""res_kw_5149-South-Central_pu.csv"",""kW"":7.351431347440731,""center_tap_split"":true,""formula"":""Loads.dss kW * LoadShapes.dss mult"",""source_file"":""p10rhs0_1247/p10rhs0_1247--p10rdt7719/Loads.dss"",""source_line"":235}]"
p10rlv20105,2,"[{""device_name"":""load_p10rlv20105_1"",""profile"":""res_kw_11856-South-Central_pu.csv"",""kW"":1.3997393730484056,""center_tap_split"":true,""formula"":""Loads.dss kW * LoadShapes.dss mult"",""source_file"":""p10rhs0_1247/p10rhs0_1247--p10rdt7719/Loads.dss"",""source_line"":237},{""device_name"":""load_p10rlv20105_2"",""profile"":""res_kw_11856-South-Central_pu.csv"",""kW"":1.3997393730484056,""center_tap_split"":true,""formula"":""Loads.dss kW * LoadShapes.dss mult"",""source_file"":""p10rhs0_1247/p10rhs0_1247--p10rdt7719/Loads.dss"",""source_line"":239}]"
p10rlv20976,2,"[{""device_name"":""load_p10rlv20976_1"",""profile"":""res_kw_29728-South-Central_pu.csv"",""kW"":4.990741994072306,""center_tap_split"":true,""formula"":""Loads.dss kW * LoadShapes.dss mult"",""source_file"":""p10rhs0_1247/p10rhs0_1247--p10rdt7719/Loads.dss"",""source_line"":241},{""device_name"":""load_p10rlv20976_2"",""profile"":""res_kw_29728-South-Central_pu.csv"",""kW"":4.990741994072306,""center_tap_split"":true,""formula"":""Loads.dss kW * LoadShapes.dss mult"",""source_file"":""p10rhs0_1247/p10rhs0_1247--p10rdt7719/Loads.dss"",""source_line"":243}]"
p10rlv21568,2,"[{""device_name"":""load_p10rlv21568_1"",""profile"":""res_kw_1591-South-Central_pu.csv"",""kW"":7.519851092588693,""center_tap_split"":true,""formula"":""Loads.dss kW * LoadShapes.dss mult"",""source_file"":""p10rhs0_1247/p10rhs0_1247--p10rdt7719/Loads.dss"",""source_line"":245},{""device_name"":""load_p10rlv21568_2"",""profile"":""res_kw_1591-South-Central_pu.csv"",""kW"":7.519851092588693,""center_tap_split"":true,""formula"":""Loads.dss kW * LoadShapes.dss mult"",""source_file"":""p10rhs0_1247/p10rhs0_1247--p10rdt7719/Loads.dss"",""source_line"":247}]"
p10rlv21569,2,"[{""device_name"":""load_p10rlv21569_1"",""profile"":""res_kw_36432-South-Central_pu.csv"",""kW"":3.475288016786809,""center_tap_split"":true,""formula"":""Loads.dss kW * LoadShapes.dss mult"",""source_file"":""p10rhs0_1247/p10rhs0_1247--p10rdt7719/Loads.dss"",""source_line"":249},{""device_name"":""load_p10rlv21569_2"",""profile"":""res_kw_36432-South-Central_pu.csv"",""kW"":3.475288016786809,""center_tap_split"":true,""formula"":""Loads.dss kW * LoadShapes.dss mult"",""source_file"":""p10rhs0_1247/p10rhs0_1247--p10rdt7719/Loads.dss"",""source_line"":251}]"
p10rlv21869,2,"[{""device_name"":""load_p10rlv21869_1"",""profile"":""res_kw_11856-South-Central_pu.csv"",""kW"":1.3997393730484056,""center_tap_split"":true,""formula"":""Loads.dss kW * LoadShapes.dss mult"",""source_file"":""p10rhs0_1247/p10rhs0_1247--p10rdt7719/Loads.dss"",""source_line"":253},{""device_name"":""load_p10rlv21869_2"",""profile"":""res_kw_11856-South-Central_pu.csv"",""kW"":1.3997393730484056,""center_tap_split"":true,""formula"":""Loads.dss kW * LoadShapes.dss mult"",""source_file"":""p10rhs0_1247/p10rhs0_1247--p10rdt7719/Loads.dss"",""source_line"":255}]"
p10rlv22134,2,"[{""device_name"":""load_p10rlv22134_1"",""profile"":""res_kw_30417-South-Central_pu.csv"",""kW"":0.13062589158385968,""center_tap_split"":true,""formula"":""Loads.dss kW * LoadShapes.dss mult"",""source_file"":""p10rhs0_1247/p10rhs0_1247--p10rdt7719/Loads.dss"",""source_line"":257},{""device_name"":""load_p10rlv22134_2"",""profile"":""res_kw_30417-South-Central_pu.csv"",""kW"":0.13062589158385968,""center_tap_split"":true,""formula"":""Loads.dss kW * LoadShapes.dss mult"",""source_file"":""p10rhs0_1247/p10rhs0_1247--p10rdt7719/Loads.dss"",""source_line"":259}]"
p10rlv22442,2,"[{""device_name"":""load_p10rlv22442_1"",""profile"":""res_kw_26086-South-Central_pu.csv"",""kW"":3.758972284425584,""center_tap_split"":true,""formula"":""Loads.dss kW * LoadShapes.dss mult"",""source_file"":""p10rhs0_1247/p10rhs0_1247--p10rdt7719/Loads.dss"",""source_line"":261},{""device_name"":""load_p10rlv22442_2"",""profile"":""res_kw_26086-South-Central_pu.csv"",""kW"":3.758972284425584,""center_tap_split"":true,""formula"":""Loads.dss kW * LoadShapes.dss mult"",""source_file"":""p10rhs0_1247/p10rhs0_1247--p10rdt7719/Loads.dss"",""source_line"":263}]"
p10rlv23067,2,"[{""device_name"":""load_p10rlv23067_1"",""profile"":""res_kw_11856-South-Central_pu.csv"",""kW"":1.3997393730484056,""center_tap_split"":true,""formula"":""Loads.dss kW * LoadShapes.dss mult"",""source_file"":""p10rhs0_1247/p10rhs0_1247--p10rdt7719/Loads.dss"",""source_line"":265},{""device_name"":""load_p10rlv23067_2"",""profile"":""res_kw_11856-South-Central_pu.csv"",""kW"":1.3997393730484056,""center_tap_split"":true,""formula"":""Loads.dss kW * LoadShapes.dss mult"",""source_file"":""p10rhs0_1247/p10rhs0_1247--p10rdt7719/Loads.dss"",""source_line"":267}]"
p10rlv23375,2,"[{""device_name"":""load_p10rlv23375_1"",""profile"":""res_kw_11241-South-Central_pu.csv"",""kW"":7.679739821739521,""center_tap_split"":true,""formula"":""Loads.dss kW * LoadShapes.dss mult"",""source_file"":""p10rhs0_1247/p10rhs0_1247--p10rdt7719/Loads.dss"",""source_line"":269},{""device_name"":""load_p10rlv23375_2"",""profile"":""res_kw_11241-South-Central_pu.csv"",""kW"":7.679739821739521,""center_tap_split"":true,""formula"":""Loads.dss kW * LoadShapes.dss mult"",""source_file"":""p10rhs0_1247/p10rhs0_1247--p10rdt7719/Loads.dss"",""source_line"":271}]"
p10rlv24009,2,"[{""device_name"":""load_p10rlv24009_1"",""profile"":""res_kw_16966-South-Central_pu.csv"",""kW"":6.071103654328634,""center_tap_split"":true,""formula"":""Loads.dss kW * LoadShapes.dss mult"",""source_file"":""p10rhs0_1247/p10rhs0_1247--p10rdt7719/Loads.dss"",""source_line"":273},{""device_name"":""load_p10rlv24009_2"",""profile"":""res_kw_16966-South-Central_pu.csv"",""kW"":6.071103654328634,""center_tap_split"":true,""formula"":""Loads.dss kW * LoadShapes.dss mult"",""source_file"":""p10rhs0_1247/p10rhs0_1247--p10rdt7719/Loads.dss"",""source_line"":275}]"
p10rlv24610,2,"[{""device_name"":""load_p10rlv24610_1"",""profile"":""res_kw_43370-South-Central_pu.csv"",""kW"":2.166202555909336,""center_tap_split"":true,""formula"":""Loads.dss kW * LoadShapes.dss mult"",""source_file"":""p10rhs0_1247/p10rhs0_1247--p10rdt7719/Loads.dss"",""source_line"":277},{""device_name"":""load_p10rlv24610_2"",""profile"":""res_kw_43370-South-Central_pu.csv"",""kW"":2.166202555909336,""center_tap_split"":true,""formula"":""Loads.dss kW * LoadShapes.dss mult"",""source_file"":""p10rhs0_1247/p10rhs0_1247--p10rdt7719/Loads.dss"",""source_line"":279}]"
p10rlv24611,2,"[{""device_name"":""load_p10rlv24611_1"",""profile"":""res_kw_22201-South-Central_pu.csv"",""kW"":5.123444923553345,""center_tap_split"":true,""formula"":""Loads.dss kW * LoadShapes.dss mult"",""source_file"":""p10rhs0_1247/p10rhs0_1247--p10rdt7719/Loads.dss"",""source_line"":281},{""device_name"":""load_p10rlv24611_2"",""profile"":""res_kw_22201-South-Central_pu.csv"",""kW"":5.123444923553345,""center_tap_split"":true,""formula"":""Loads.dss kW * LoadShapes.dss mult"",""source_file"":""p10rhs0_1247/p10rhs0_1247--p10rdt7719/Loads.dss"",""source_line"":283}]"
p10rlv24936,2,"[{""device_name"":""load_p10rlv24936_1"",""profile"":""res_kw_37494-South-Central_pu.csv"",""kW"":5.285812056844039,""center_tap_split"":true,""formula"":""Loads.dss kW * LoadShapes.dss mult"",""source_file"":""p10rhs0_1247/p10rhs0_1247--p10rdt7719/Loads.dss"",""source_line"":285},{""device_name"":""load_p10rlv24936_2"",""profile"":""res_kw_37494-South-Central_pu.csv"",""kW"":5.285812056844039,""center_tap_split"":true,""formula"":""Loads.dss kW * LoadShapes.dss mult"",""source_file"":""p10rhs0_1247/p10rhs0_1247--p10rdt7719/Loads.dss"",""source_line"":287}]"
p10rlv25536,2,"[{""device_name"":""load_p10rlv25536_1"",""profile"":""res_kw_8080-South-Central_pu.csv"",""kW"":3.4888425940364285,""center_tap_split"":true,""formula"":""Loads.dss kW * LoadShapes.dss mult"",""source_file"":""p10rhs0_1247/p10rhs0_1247--p10rdt7719/Loads.dss"",""source_line"":289},{""device_name"":""load_p10rlv25536_2"",""profile"":""res_kw_8080-South-Central_pu.csv"",""kW"":3.4888425940364285,""center_tap_split"":true,""formula"":""Loads.dss kW * LoadShapes.dss mult"",""source_file"":""p10rhs0_1247/p10rhs0_1247--p10rdt7719/Loads.dss"",""source_line"":291}]"
p10rlv26432,2,"[{""device_name"":""load_p10rlv26432_1"",""profile"":""res_kw_42503-South-Central_pu.csv"",""kW"":6.90232975661774,""center_tap_split"":true,""formula"":""Loads.dss kW * LoadShapes.dss mult"",""source_file"":""p10rhs0_1247/p10rhs0_1247--p10rdt7719/Loads.dss"",""source_line"":293},{""device_name"":""load_p10rlv26432_2"",""profile"":""res_kw_42503-South-Central_pu.csv"",""kW"":6.90232975661774,""center_tap_split"":true,""formula"":""Loads.dss kW * LoadShapes.dss mult"",""source_file"":""p10rhs0_1247/p10rhs0_1247--p10rdt7719/Loads.dss"",""source_line"":295}]"
p10rlv26433,2,"[{""device_name"":""load_p10rlv26433_1"",""profile"":""res_kw_23991-South-Central_pu.csv"",""kW"":3.310584383114775,""center_tap_split"":true,""formula"":""Loads.dss kW * LoadShapes.dss mult"",""source_file"":""p10rhs0_1247/p10rhs0_1247--p10rdt7719/Loads.dss"",""source_line"":297},{""device_name"":""load_p10rlv26433_2"",""profile"":""res_kw_23991-South-Central_pu.csv"",""kW"":3.310584383114775,""center_tap_split"":true,""formula"":""Loads.dss kW * LoadShapes.dss mult"",""source_file"":""p10rhs0_1247/p10rhs0_1247--p10rdt7719/Loads.dss"",""source_line"":299}]"
p10rlv27290,2,"[{""device_name"":""load_p10rlv27290_1"",""profile"":""res_kw_25276-South-Central_pu.csv"",""kW"":5.942288495996066,""center_tap_split"":true,""formula"":""Loads.dss kW * LoadShapes.dss mult"",""source_file"":""p10rhs0_1247/p10rhs0_1247--p10rdt7719/Loads.dss"",""source_line"":301},{""device_name"":""load_p10rlv27290_2"",""profile"":""res_kw_25276-South-Central_pu.csv"",""kW"":5.942288495996066,""center_tap_split"":true,""formula"":""Loads.dss kW * LoadShapes.dss mult"",""source_file"":""p10rhs0_1247/p10rhs0_1247--p10rdt7719/Loads.dss"",""source_line"":303}]"
p10rlv27605,2,"[{""device_name"":""load_p10rlv27605_1"",""profile"":""res_kw_1176-South-Central_pu.csv"",""kW"":0.7144027285806513,""center_tap_split"":true,""formula"":""Loads.dss kW * LoadShapes.dss mult"",""source_file"":""p10rhs0_1247/p10rhs0_1247--p10rdt7719/Loads.dss"",""source_line"":305},{""device_name"":""load_p10rlv27605_2"",""profile"":""res_kw_1176-South-Central_pu.csv"",""kW"":0.7144027285806513,""center_tap_split"":true,""formula"":""Loads.dss kW * LoadShapes.dss mult"",""source_file"":""p10rhs0_1247/p10rhs0_1247--p10rdt7719/Loads.dss"",""source_line"":307}]"
p10rlv27606,2,"[{""device_name"":""load_p10rlv27606_1"",""profile"":""res_kw_38844-South-Central_pu.csv"",""kW"":5.211839584881992,""center_tap_split"":true,""formula"":""Loads.dss kW * LoadShapes.dss mult"",""source_file"":""p10rhs0_1247/p10rhs0_1247--p10rdt7719/Loads.dss"",""source_line"":309},{""device_name"":""load_p10rlv27606_2"",""profile"":""res_kw_38844-South-Central_pu.csv"",""kW"":5.211839584881992,""center_tap_split"":true,""formula"":""Loads.dss kW * LoadShapes.dss mult"",""source_file"":""p10rhs0_1247/p10rhs0_1247--p10rdt7719/Loads.dss"",""source_line"":311}]"
p10rlv28435,2,"[{""device_name"":""load_p10rlv28435_1"",""profile"":""res_kw_23787-South-Central_pu.csv"",""kW"":2.3239913315572216,""center_tap_split"":true,""formula"":""Loads.dss kW * LoadShapes.dss mult"",""source_file"":""p10rhs0_1247/p10rhs0_1247--p10rdt7719/Loads.dss"",""source_line"":313},{""device_name"":""load_p10rlv28435_2"",""profile"":""res_kw_23787-South-Central_pu.csv"",""kW"":2.3239913315572216,""center_tap_split"":true,""formula"":""Loads.dss kW * LoadShapes.dss mult"",""source_file"":""p10rhs0_1247/p10rhs0_1247--p10rdt7719/Loads.dss"",""source_line"":315}]"
p10rlv28744,2,"[{""device_name"":""load_p10rlv28744_1"",""profile"":""res_kw_10645-South-Central_pu.csv"",""kW"":7.9975100607242195,""center_tap_split"":true,""formula"":""Loads.dss kW * LoadShapes.dss mult"",""source_file"":""p10rhs0_1247/p10rhs0_1247--p10rdt7719/Loads.dss"",""source_line"":317},{""device_name"":""load_p10rlv28744_2"",""profile"":""res_kw_10645-South-Central_pu.csv"",""kW"":7.9975100607242195,""center_tap_split"":true,""formula"":""Loads.dss kW * LoadShapes.dss mult"",""source_file"":""p10rhs0_1247/p10rhs0_1247--p10rdt7719/Loads.dss"",""source_line"":319}]"
p10rlv28745,2,"[{""device_name"":""load_p10rlv28745_1"",""profile"":""com_kw_37592-South-Central_pu.csv"",""kW"":2.388600387075787,""center_tap_split"":true,""formula"":""Loads.dss kW * LoadShapes.dss mult"",""source_file"":""p10rhs0_1247/p10rhs0_1247--p10rdt7719/Loads.dss"",""source_line"":321},{""device_name"":""load_p10rlv28745_2"",""profile"":""com_kw_37592-South-Central_pu.csv"",""kW"":2.388600387075787,""center_tap_split"":true,""formula"":""Loads.dss kW * LoadShapes.dss mult"",""source_file"":""p10rhs0_1247/p10rhs0_1247--p10rdt7719/Loads.dss"",""source_line"":323}]"
p10rlv29054,2,"[{""device_name"":""load_p10rlv29054_1"",""profile"":""res_kw_7607-South-Central_pu.csv"",""kW"":7.8515860383579765,""center_tap_split"":true,""formula"":""Loads.dss kW * LoadShapes.dss mult"",""source_file"":""p10rhs0_1247/p10rhs0_1247--p10rdt7719/Loads.dss"",""source_line"":325},{""device_name"":""load_p10rlv29054_2"",""profile"":""res_kw_7607-South-Central_pu.csv"",""kW"":7.8515860383579765,""center_tap_split"":true,""formula"":""Loads.dss kW * LoadShapes.dss mult"",""source_file"":""p10rhs0_1247/p10rhs0_1247--p10rdt7719/Loads.dss"",""source_line"":327}]"
p10rlv29354,2,"[{""device_name"":""load_p10rlv29354_1"",""profile"":""res_kw_39365-South-Central_pu.csv"",""kW"":6.809285470567951,""center_tap_split"":true,""formula"":""Loads.dss kW * LoadShapes.dss mult"",""source_file"":""p10rhs0_1247/p10rhs0_1247--p10rdt7719/Loads.dss"",""source_line"":329},{""device_name"":""load_p10rlv29354_2"",""profile"":""res_kw_39365-South-Central_pu.csv"",""kW"":6.809285470567951,""center_tap_split"":true,""formula"":""Loads.dss kW * LoadShapes.dss mult"",""source_file"":""p10rhs0_1247/p10rhs0_1247--p10rdt7719/Loads.dss"",""source_line"":331}]"
p10rlv29657,2,"[{""device_name"":""load_p10rlv29657_1"",""profile"":""res_kw_31842-South-Central_pu.csv"",""kW"":4.811696960470026,""center_tap_split"":true,""formula"":""Loads.dss kW * LoadShapes.dss mult"",""source_file"":""p10rhs0_1247/p10rhs0_1247--p10rdt7719/Loads.dss"",""source_line"":333},{""device_name"":""load_p10rlv29657_2"",""profile"":""res_kw_31842-South-Central_pu.csv"",""kW"":4.811696960470026,""center_tap_split"":true,""formula"":""Loads.dss kW * LoadShapes.dss mult"",""source_file"":""p10rhs0_1247/p10rhs0_1247--p10rdt7719/Loads.dss"",""source_line"":335}]"
p10rlv29902,2,"[{""device_name"":""load_p10rlv29902_1"",""profile"":""res_kw_23115-South-Central_pu.csv"",""kW"":5.450383202595193,""center_tap_split"":true,""formula"":""Loads.dss kW * LoadShapes.dss mult"",""source_file"":""p10rhs0_1247/p10rhs0_1247--p10rdt7719/Loads.dss"",""source_line"":337},{""device_name"":""load_p10rlv29902_2"",""profile"":""res_kw_23115-South-Central_pu.csv"",""kW"":5.450383202595193,""center_tap_split"":true,""formula"":""Loads.dss kW * LoadShapes.dss mult"",""source_file"":""p10rhs0_1247/p10rhs0_1247--p10rdt7719/Loads.dss"",""source_line"":339}]"
p10rlv29910,2,"[{""device_name"":""load_p10rlv29910_1"",""profile"":""res_kw_8828-South-Central_pu.csv"",""kW"":5.490427008245183,""center_tap_split"":true,""formula"":""Loads.dss kW * LoadShapes.dss mult"",""source_file"":""p10rhs0_1247/p10rhs0_1247--p10rdt7719/Loads.dss"",""source_line"":341},{""device_name"":""load_p10rlv29910_2"",""profile"":""res_kw_8828-South-Central_pu.csv"",""kW"":5.490427008245183,""center_tap_split"":true,""formula"":""Loads.dss kW * LoadShapes.dss mult"",""source_file"":""p10rhs0_1247/p10rhs0_1247--p10rdt7719/Loads.dss"",""source_line"":343}]"
p10rlv29912,2,"[{""device_name"":""load_p10rlv29912_1"",""profile"":""res_kw_11856-South-Central_pu.csv"",""kW"":1.3997393730484056,""center_tap_split"":true,""formula"":""Loads.dss kW * LoadShapes.dss mult"",""source_file"":""p10rhs0_1247/p10rhs0_1247--p10rdt7719/Loads.dss"",""source_line"":345},{""device_name"":""load_p10rlv29912_2"",""profile"":""res_kw_11856-South-Central_pu.csv"",""kW"":1.3997393730484056,""center_tap_split"":true,""formula"":""Loads.dss kW * LoadShapes.dss mult"",""source_file"":""p10rhs0_1247/p10rhs0_1247--p10rdt7719/Loads.dss"",""source_line"":347}]"
p10rlv29913,2,"[{""device_name"":""load_p10rlv29913_1"",""profile"":""res_kw_38844-South-Central_pu.csv"",""kW"":5.211839584881992,""center_tap_split"":true,""formula"":""Loads.dss kW * LoadShapes.dss mult"",""source_file"":""p10rhs0_1247/p10rhs0_1247--p10rdt7719/Loads.dss"",""source_line"":349},{""device_name"":""load_p10rlv29913_2"",""profile"":""res_kw_38844-South-Central_pu.csv"",""kW"":5.211839584881992,""center_tap_split"":true,""formula"":""Loads.dss kW * LoadShapes.dss mult"",""source_file"":""p10rhs0_1247/p10rhs0_1247--p10rdt7719/Loads.dss"",""source_line"":351}]"
p10rlv29914,2,"[{""device_name"":""load_p10rlv29914_1"",""profile"":""res_kw_17175-South-Central_pu.csv"",""kW"":4.085592459575272,""center_tap_split"":true,""formula"":""Loads.dss kW * LoadShapes.dss mult"",""source_file"":""p10rhs0_1247/p10rhs0_1247--p10rdt7719/Loads.dss"",""source_line"":353},{""device_name"":""load_p10rlv29914_2"",""profile"":""res_kw_17175-South-Central_pu.csv"",""kW"":4.085592459575272,""center_tap_split"":true,""formula"":""Loads.dss kW * LoadShapes.dss mult"",""source_file"":""p10rhs0_1247/p10rhs0_1247--p10rdt7719/Loads.dss"",""source_line"":355}]"
p10rlv30210,2,"[{""device_name"":""load_p10rlv30210_1"",""profile"":""res_kw_7563-South-Central_pu.csv"",""kW"":3.8716107826263406,""center_tap_split"":true,""formula"":""Loads.dss kW * LoadShapes.dss mult"",""source_file"":""p10rhs0_1247/p10rhs0_1247--p10rdt7719/Loads.dss"",""source_line"":357},{""device_name"":""load_p10rlv30210_2"",""profile"":""res_kw_7563-South-Central_pu.csv"",""kW"":3.8716107826263406,""center_tap_split"":true,""formula"":""Loads.dss kW * LoadShapes.dss mult"",""source_file"":""p10rhs0_1247/p10rhs0_1247--p10rdt7719/Loads.dss"",""source_line"":359}]"
p10rlv30211,2,"[{""device_name"":""load_p10rlv30211_1"",""profile"":""com_kw_37875-South-Central_pu.csv"",""kW"":2.42102271462035,""center_tap_split"":true,""formula"":""Loads.dss kW * LoadShapes.dss mult"",""source_file"":""p10rhs0_1247/p10rhs0_1247--p10rdt7719/Loads.dss"",""source_line"":361},{""device_name"":""load_p10rlv30211_2"",""profile"":""com_kw_37875-South-Central_pu.csv"",""kW"":2.42102271462035,""center_tap_split"":true,""formula"":""Loads.dss kW * LoadShapes.dss mult"",""source_file"":""p10rhs0_1247/p10rhs0_1247--p10rdt7719/Loads.dss"",""source_line"":363}]"
p10rlv30788,2,"[{""device_name"":""load_p10rlv30788_1"",""profile"":""com_kw_37245-South-Central_pu.csv"",""kW"":4.725424012033129,""center_tap_split"":true,""formula"":""Loads.dss kW * LoadShapes.dss mult"",""source_file"":""p10rhs0_1247/p10rhs0_1247--p10rdt7719/Loads.dss"",""source_line"":365},{""device_name"":""load_p10rlv30788_2"",""profile"":""com_kw_37245-South-Central_pu.csv"",""kW"":4.725424012033129,""center_tap_split"":true,""formula"":""Loads.dss kW * LoadShapes.dss mult"",""source_file"":""p10rhs0_1247/p10rhs0_1247--p10rdt7719/Loads.dss"",""source_line"":367}]"
